Txn_id,Merch_id,Trans_date,Amount,Card_num,Business_unit
FR255244902985XSV2W7XWW5381,100000,2015-05-01,$6962.06,3540000430832649,1000
AD7222699904CBS7B8TFBYHF,99999,2015-04-27,$6157.14,3540000430832646,1001
ES0976101870730657506801,99996,2015-04-04,$4679.41,3540000430832631,1002
PS37IZCQOU2QYO5HBLDOAEUUCKJ5U,99997,2015-05-05,$4275.47,3540000430832631,1005
SM28P1551207931SR416NTQNO7P,99999,2015-01-03,$2064.13,3540000430832650,1002
FR947889558118F79W7NODW2Q19,99996,2015-01-19,$5801.74,3540000430832630,1000
PT27091939713588030177819,99994,2015-02-01,$1572.93,3540000430832653,1000
GL5446187332003597,99994,2015-05-27,$4149.71,3540000430832650,1002
EE516169454248915048,99993,2015-03-05,$2744.03,3540000430832633,1003
LV05YNJYXJWLJTN3ZPHL9,99997,2015-01-28,$6685.99,3540000430832646,1001
PK91SMOUR1LKOGVQ8ERBHICN,100000,2015-04-16,$4424.58,3540000430832649,1003
FR823701759866KABUVSD5NNB20,99999,2015-02-26,$1272.24,3540000430832637,1000
GE07MQ3936685211926143,99995,2015-02-22,$770.43,3540000430832637,1001
BH76OXKELZKRL2JGYFADPM,99997,2015-04-19,$2494.15,3540000430832649,1004
FO3644118854317417,99993,2015-04-07,$4282.69,3540000430832653,1001
NL73XPPG2153959963,99997,2015-01-09,$3122.33,3540000430832635,1005
FR891562952685VZKZJFAUCVR38,99998,2015-02-24,$629.92,3540000430832658,1004
BH47NOHKRTPS7WVZDV8CVP,99997,2015-02-14,$7135.67,3540000430832631,1003
MU08MICX7253704429745315903NUF,99993,2015-05-26,$6239.37,3540000430832645,1002
NO6766283276457,99998,2015-05-29,$7326.86,3540000430832610,1000
AL9005428051BT1DUP7IIWGXM75I,99999,2015-03-10,$2736.59,3540000430832637,1003
FR982623579238DYY7J2MUTUB63,99994,2015-04-07,$2951.53,3540000430832625,1000
FR547317229694ZXJ5HM9UGOP42,99993,2015-03-09,$8819.26,3540000430832613,1003
IT27T7793844861KNJTIGYDDRBS,99998,2015-03-10,$7144.31,3540000430832642,1001
MR6091072581431715259141034,100000,2015-01-15,$6817.07,3540000430832621,1000
BR3525614051695556549245461BJ,99999,2015-01-02,$1479.36,3540000430832656,1002
FR3651549804168EMFJEFULCV88,99996,2015-03-28,$2870.10,3540000430832608,1004
LI1719997UFJJKNB6WZZN,99998,2015-03-10,$8352.74,3540000430832628,1004
MT18PVPA39696U3FZFB6YX6FS3GYSNI,99999,2015-04-29,$761.32,3540000430832607,1001
FR7496998461290TRTBSY87IY74,99996,2015-04-28,$1653.40,3540000430832642,1001
CZ4446248517224432770566,99999,2015-02-05,$4443.54,3540000430832631,1000
GR710418169MPLNZ8NMQUAMBFTM,99998,2015-01-15,$3652.06,3540000430832621,1000
GI73XQGE06UZDGZV5CLPRRM,99999,2015-03-23,$2385.68,3540000430832615,1003
FR611880828454UIECRPWQKPV96,100000,2015-03-10,$488.15,3540000430832607,1004
GB59EZBU91706373263464,99993,2015-04-29,$5134.01,3540000430832635,1004
MD96RGNUHH4H8CQKTGDDCABU,99994,2015-03-02,$5211.10,3540000430832629,1000
CH9063883ES8PYFHKYDWM,99997,2015-03-12,$6822.88,3540000430832609,1003
PT76742400692863954097104,99993,2015-01-08,$6029.17,3540000430832605,1000
CH930126673P3HEICKXSH,99997,2015-03-14,$2347.39,3540000430832605,1002
CY8107390297MKJFXLN0Z2BCXCAP,100000,2015-04-22,$6667.66,3540000430832615,1002
PT56460774988633258298837,99997,2015-03-29,$1726.51,3540000430832613,1004
PK64ASPNJGOHA5YP4YMG6BKK,99997,2015-02-21,$3677.12,3540000430832648,1005
LT447691929152542369,99993,2015-04-07,$1766.38,3540000430832619,1002
HU57464604236265868596187127,99997,2015-01-27,$8191.08,3540000430832636,1002
RO27NSOPU3QNJPJESQ5O7OAL,99997,2015-04-21,$7634.44,3540000430832655,1003
MD92UNF3UTHHGH5TCIDA6LOT,99994,2015-04-19,$5536.34,3540000430832655,1003
AT429197776276843803,99995,2015-02-16,$7057.98,3540000430832643,1000
BH49YRRGNAXPZJTHQCLRC3,99996,2015-02-12,$2110.40,3540000430832645,1001
BH94IMKP0LYR0XJF5CJQOO,99996,2015-01-25,$4990.32,3540000430832643,1003
RO45UUBRANRGXDZGXCHZIVUI,99997,2015-05-17,$8705.20,3540000430832601,1005
KZ84640BS0TWWSDE7KPP,99995,2015-02-27,$2979.90,3540000430832602,1000
AZ11IDIMWK8UWHBMDQ4Y0HIUAPPA,99999,2015-03-20,$4630.33,3540000430832616,1003
AD4083960447DAE77ATRIFEJ,100000,2015-01-22,$2254.70,3540000430832621,1005
GR760674903HDMVAUMYH0RQFZNV,99995,2015-02-24,$2386.05,3540000430832631,1002
VG24PJQF4455441349212018,100000,2015-03-22,$7608.02,3540000430832636,1005
MK44192HHL8KSY4YN01,99998,2015-05-13,$7564.82,3540000430832642,1002
BG12TBUE376011SUEZGKWQ,99993,2015-01-07,$3533.62,3540000430832633,1004
IE80AJGR94437572903914,99999,2015-02-07,$7037.26,3540000430832606,1002
FO8276879769188105,99994,2015-01-15,$7852.38,3540000430832615,1003
FR982840643139Z4JFRK0M30F85,99994,2015-01-30,$2126.19,3540000430832650,1001
ES3405063840484016033465,99997,2015-04-23,$5477.06,3540000430832621,1001
SM22Z6255819169JQ80VEGVMK90,99994,2015-02-15,$7709.07,3540000430832647,1000
AD5732309407CNNZ5MNUFKJJ,99998,2015-03-16,$699.99,3540000430832657,1005
GI19VGBYI51H8OLW0XFVVQD,99999,2015-04-10,$2474.21,3540000430832645,1000
TN3302431547252006035316,99997,2015-04-20,$6664.40,3540000430832604,1003
EE841186327211836211,99997,2015-02-25,$6645.60,3540000430832645,1004
NO6946107229473,99993,2015-05-18,$7957.82,3540000430832643,1004
MK16095X6RUCFNRTN55,99999,2015-05-05,$5233.82,3540000430832650,1005
CR2231472448950572192,99996,2015-04-08,$6245.30,3540000430832625,1002
TN4631275301390973503983,100000,2015-04-25,$5122.61,3540000430832614,1001
FR127580762174I2MJCSBCLN812,99997,2015-04-26,$7167.36,3540000430832628,1003
CR2545535264889803435,99999,2015-04-08,$4059.59,3540000430832626,1001
BR1062349035799004979543047FW,99993,2015-01-25,$4873.57,3540000430832648,1000
SI94826674879741009,99999,2015-04-14,$4275.55,3540000430832649,1005
RO80RPRSDYXKAIXBFXQJCQMW,99994,2015-04-29,$1090.52,3540000430832622,1004
MU25OUYS7941931022066916418ZFQ,99998,2015-03-14,$3785.69,3540000430832640,1000
HU73575849701520754912053336,99999,2015-05-01,$5056.26,3540000430832628,1004
FR211393543805FKUB8SYCQ5B94,99997,2015-02-09,$6886.48,3540000430832620,1003
FR446160039449XTYQOWSPGXD49,99999,2015-03-19,$7890.84,3540000430832643,1005
AL3378394088VGJFCJPNXMMCOMK7,99997,2015-01-08,$5191.74,3540000430832610,1004
KW60EBMJSO4DDUOWKEXHSDO1T7LMVN,99994,2015-01-18,$1741.70,3540000430832604,1002
LB8743094Q7XQGEPMPPG9J1MCFMV,100000,2015-04-18,$3054.95,3540000430832619,1000
GL8753308123633130,99993,2015-02-20,$2425.35,3540000430832602,1000
GT07WNUBENOS4PFU8CEGZM1BTO3K,99993,2015-05-19,$8872.69,3540000430832658,1005
AE603622730225799375263,99998,2015-04-20,$585.09,3540000430832604,1001
DE98858036201861891021,99996,2015-02-25,$5458.35,3540000430832659,1004
FR190490374427GJ1TDLGKZ1H19,99995,2015-04-05,$463.17,3540000430832642,1003
PL87196096480723931856052332,99995,2015-02-15,$4287.83,3540000430832631,1001
DK5960482320436543,99997,2015-05-03,$2657.92,3540000430832636,1005
AT761449232236442448,99995,2015-03-12,$6504.66,3540000430832607,1001
FR590547274885I7CP3G2GQWA74,99999,2015-02-07,$5145.30,3540000430832643,1002
EE569628473563645266,99999,2015-04-20,$1231.56,3540000430832625,1003
LT649064166049284899,99993,2015-01-25,$7195.49,3540000430832629,1004
GR234847338BKFHMAO4VCGQVUYD,99997,2015-05-01,$963.53,3540000430832648,1002
BR8947129728570408339246322O4,99994,2015-03-10,$6231.00,3540000430832633,1005
NO3295482387807,99999,2015-02-28,$2477.73,3540000430832636,1005
GB42PQGS55509947855927,99998,2015-02-04,$6370.78,3540000430832639,1003
GT968AB2A0FGDF00CVYJXRPDHMWU,99996,2015-04-07,$4342.16,3540000430832628,1002
CZ6650516250004706539065,99993,2015-01-04,$6617.66,3540000430832621,1000
FR922550975049UEUXKHFTLEX09,99995,2015-03-12,$6593.12,3540000430832654,1002
BH74OQSLMXKZCCIHVSN2WN,99995,2015-04-12,$3145.75,3540000430832627,1004
FR439056420939TWSLSCVILBK80,99999,2015-02-21,$1195.78,3540000430832603,1002
FR569115308217DZ5U201LRXH11,99995,2015-03-06,$6907.25,3540000430832614,1003
KZ86000STHDROUU3ZPO3,99993,2015-02-07,$8398.79,3540000430832651,1000
MT83AOEK24562XSQSBKHMVWIXAFFTS6,99994,2015-02-10,$7739.99,3540000430832657,1005
FR3498105716067P7CQ5JZ4OU84,99997,2015-01-05,$4098.61,3540000430832642,1002
ES1364245619062114018225,99999,2015-04-08,$1232.62,3540000430832635,1002
KW54OAWSTKTAKA95G58XCLHO53QOZE,99997,2015-01-12,$7090.15,3540000430832601,1002
FR848525176423HUYYNYCONM366,99993,2015-01-07,$8108.52,3540000430832605,1000
DK5382564001614715,100000,2015-04-29,$2017.69,3540000430832627,1000
CH5891912HAQNOUPKSJL6,99999,2015-04-03,$5911.64,3540000430832634,1005
FR149591932090SVNQOVWCANA10,100000,2015-02-21,$5583.45,3540000430832639,1004
SI52693877396737482,99999,2015-05-30,$6154.41,3540000430832621,1004
FR5515804427994I4WBF8AVUQ53,99995,2015-03-04,$8073.63,3540000430832607,1004
AE835381080460557405599,99999,2015-05-15,$5969.28,3540000430832640,1000
PT41215049956162894805320,99993,2015-04-06,$3729.27,3540000430832603,1002
BG43HAEI11451943YAWHUQ,99999,2015-04-01,$7095.59,3540000430832604,1003
GL4731744712174707,99994,2015-04-21,$3642.22,3540000430832648,1001
SE3632730266832315527050,100000,2015-02-16,$5976.54,3540000430832602,1002
MK33418A2RS16TBJR57,99995,2015-04-04,$5985.42,3540000430832607,1003
GT22J2MFB3UDOMVLMY1REFG1LUQL,99995,2015-03-20,$4366.60,3540000430832605,1003
MR7055446090796182670674920,99997,2015-03-28,$6868.13,3540000430832610,1002
IT15H9371333331P3A7LHIW1LCS,99995,2015-04-14,$4591.86,3540000430832625,1005
FO7495024024004266,99996,2015-03-12,$1587.69,3540000430832621,1005
TN9384767565259425544119,99994,2015-05-02,$8848.25,3540000430832615,1004
IT31X5018840735N8JN6KRPZHOD,99999,2015-03-22,$3767.54,3540000430832612,1001
GI80EBJSYHABVVFRN0GS7IJ,99997,2015-03-29,$3588.36,3540000430832646,1001
HU15616280663100634628442356,99996,2015-04-21,$5140.42,3540000430832603,1000
AL5288638164WCTZHCZWXDWSRM30,99996,2015-03-02,$4949.63,3540000430832625,1003
GE81YP7884246013744349,100000,2015-04-21,$4780.44,3540000430832611,1001
FR3195458543013ZZACE5FZTP38,99998,2015-03-26,$8835.59,3540000430832645,1002
IL177618362622050907010,99994,2015-03-25,$832.04,3540000430832651,1002
CZ3428503374157422798798,99998,2015-03-30,$3036.23,3540000430832654,1000
FR627541296671ABTNLUG1VQS92,99995,2015-01-08,$4227.73,3540000430832601,1002
TR7623726SS0ZFT7SOM5NII4X1,99996,2015-04-17,$4971.16,3540000430832657,1000
FR924429970213MSYLQFPLJXL77,99998,2015-04-05,$1389.89,3540000430832617,1005
FR988768854750IPAVGQ2NMWS52,100000,2015-03-30,$1174.69,3540000430832604,1005
BA846991088731581295,99999,2015-04-18,$7252.11,3540000430832601,1004
KW96SNVV4VUVEZN8MGKJJYXMHWZCAF,99995,2015-03-19,$5581.39,3540000430832644,1001
LV50LQUQ3GYL4DSTQRY3N,99993,2015-03-27,$5772.41,3540000430832627,1001
SK9115313348306506951759,99996,2015-04-24,$6207.72,3540000430832620,1000
FR611957875330VPYVGLI79MR27,99995,2015-04-13,$7675.67,3540000430832634,1003
IT19L23209110802PER2TNSYRUA,99999,2015-05-01,$584.93,3540000430832635,1002
FR0670742577432YXDBXDTKNK20,99998,2015-02-03,$1025.33,3540000430832658,1002
GR536820707XOD9QIWOHPG86KW6,99993,2015-02-22,$6172.81,3540000430832605,1005
DO92YKR034470082168430811340,99997,2015-01-01,$2907.59,3540000430832608,1002
CY1735794461I8TQ11GA2GC2CGOC,99998,2015-03-09,$5457.26,3540000430832621,1002
FR946484843894EP7WOQWTLKJ13,99995,2015-02-11,$6286.79,3540000430832657,1000
FO1033212639874817,99997,2015-04-03,$5801.81,3540000430832631,1002
FR868362637046YVAY7S2BKRE61,99996,2015-03-15,$3560.42,3540000430832644,1002
IT04L7583275306WZQEFEKVALHK,99995,2015-04-06,$677.97,3540000430832640,1002
KW40QCMJEKQNBY0C73P1X2LK6I7ICL,99999,2015-05-17,$4554.92,3540000430832619,1002
FR195293949620HA9WLYKYDMT56,99995,2015-01-27,$5068.61,3540000430832603,1004
GI50YMDWUFGFKTMRWT7HFX1,99997,2015-05-28,$761.45,3540000430832616,1004
PT10868094486165915310533,99996,2015-03-02,$7965.60,3540000430832606,1005
IS118819879977826871922225,99995,2015-04-02,$3244.40,3540000430832634,1002
AT479661607845944077,99993,2015-02-21,$1922.15,3540000430832639,1003
MC62080038170125QGWDE0BZI99,99997,2015-03-17,$4594.05,3540000430832642,1002
FR5093450173268RUSUIRH2OI34,99997,2015-05-26,$2938.61,3540000430832644,1000
GB76DQPD86351634929908,99999,2015-01-21,$6744.02,3540000430832650,1003
MT93JMMR74214RYFASQXCOUKFIIEXND,99995,2015-04-07,$6819.16,3540000430832633,1003
IE35BIYF41177550480329,99998,2015-02-27,$4748.74,3540000430832633,1004
MU86QOVM4325623122013953375ROB,99996,2015-05-17,$6374.12,3540000430832610,1000
HU13818800299865379587534543,99993,2015-05-01,$2980.64,3540000430832643,1003
BG14QTZM056083LKZPEZQM,99993,2015-03-01,$846.68,3540000430832654,1000
SM17U2362499443RRHLMZWO4CXY,99994,2015-03-01,$1000.71,3540000430832629,1005
AD1938554222C3GIG3IMNY7Q,99999,2015-04-08,$916.07,3540000430832602,1002
DK6090577158054474,99999,2015-02-11,$4468.12,3540000430832613,1001
FR479015892926CM3SBSNTDXY40,99999,2015-03-15,$1576.50,3540000430832652,1004
FR553942717708HHECJBLSA1E00,99997,2015-01-19,$8592.53,3540000430832640,1003
IT08B3384927105L8FSSGKKZ8AA,99998,2015-02-15,$5698.05,3540000430832612,1004
MT88XTUH73881PQ9M4GFAAER4MYHC8S,99999,2015-05-16,$6797.80,3540000430832605,1000
AL9402742212KTSIDCLQG0AF8LYI,99998,2015-03-20,$3260.75,3540000430832638,1002
AT443046800286927616,99998,2015-03-18,$5708.02,3540000430832619,1003
MU26YXNJ7014668165600415400XKI,99996,2015-04-04,$4518.73,3540000430832611,1003
DE90765662896973126289,99994,2015-03-07,$1927.72,3540000430832629,1004
AE092773159569997646569,99998,2015-01-30,$5989.11,3540000430832614,1000
FR633826893312OGZV5OJZMZW80,99997,2015-05-27,$2348.48,3540000430832639,1003
BH37PWXBYFSUT4Y9WBO97F,100000,2015-04-01,$2594.37,3540000430832607,1002
FR553186393219ZKLHPI1BOHW90,99999,2015-05-29,$8779.31,3540000430832651,1000
CZ3904533340609661085532,100000,2015-04-20,$2069.81,3540000430832625,1003
SE1758466050992983623319,99997,2015-03-17,$5476.93,3540000430832636,1005
FR284441889714LBWNZGTFAFA32,99998,2015-02-04,$2749.75,3540000430832621,1002
NO6595449619740,99998,2015-04-05,$6197.29,3540000430832633,1000
BE40041207877521,99997,2015-04-02,$5258.37,3540000430832604,1002
AL2540606554MCUWUSEPGXN3LFMI,99999,2015-03-19,$4911.35,3540000430832644,1002
PL50297733430475086643803384,99995,2015-03-17,$5949.73,3540000430832626,1004
LI6041293GSBE4QRS3PDA,99999,2015-05-26,$6505.53,3540000430832609,1003
MD36PFAHTLYMMZ701HBQKQUF,99996,2015-01-01,$6286.02,3540000430832622,1001
LU0862124CLMKYBEOTM8,99994,2015-05-07,$6633.97,3540000430832629,1001
FI4264699971188087,99997,2015-03-01,$1023.65,3540000430832648,1000
SE3370215510909321424829,99997,2015-03-11,$3156.38,3540000430832607,1003
FR346736729086PDQ1YHQ1YOO45,99995,2015-04-28,$2163.60,3540000430832612,1004
FR344175374294PSFR7L4Q1BZ39,99998,2015-01-01,$6335.50,3540000430832612,1002
IT19V5494233046WCX8OVMN7S6I,99997,2015-02-14,$7972.62,3540000430832643,1003
EE840155657357742231,99999,2015-05-05,$4335.44,3540000430832628,1003
FR292303593042QV7DP9YSOEF51,100000,2015-04-18,$8135.84,3540000430832625,1004
EE088305348928794460,99995,2015-02-06,$4857.53,3540000430832658,1002
ME65506877471136718851,99998,2015-01-10,$7508.02,3540000430832646,1000
GL3362861938751731,100000,2015-02-16,$8214.88,3540000430832644,1004
CR1790509821516135357,99995,2015-04-13,$6670.85,3540000430832615,1001
FR034113271047UJPZSGSW2OY85,99995,2015-02-05,$2796.38,3540000430832602,1003
AD1755345366HMXCFXUMQ2LJ,100000,2015-04-29,$1367.14,3540000430832655,1000
FR727216409306AJMQ3TFZLS588,99996,2015-04-09,$6893.45,3540000430832605,1002
BR6012302183030910577498243IT,99999,2015-05-30,$2390.13,3540000430832647,1002
CR9091293391258305191,99995,2015-05-15,$7616.72,3540000430832638,1004
AT253101952372994251,99998,2015-01-20,$3187.94,3540000430832615,1002
SE8110786523978256965454,99993,2015-04-12,$4716.40,3540000430832650,1005
SM72M3399206007RBXLOGQYO1GT,99999,2015-02-03,$8475.30,3540000430832657,1001
VG79ZYJN1557159106678931,99995,2015-03-11,$1606.54,3540000430832629,1004
FR358767739621U59VZ1E8AZS04,99999,2015-04-10,$1379.01,3540000430832616,1001
GI32NSDIQMXSRPCCSRKAMJJ,99993,2015-03-08,$2523.66,3540000430832608,1003
MD9385JSV94BAFFWFPGYWHFO,99996,2015-03-20,$8099.31,3540000430832617,1004
KZ76862JPPFP7PJZ3IJP,99993,2015-02-10,$3412.56,3540000430832630,1002
DE53613099552199352261,99993,2015-01-07,$6834.52,3540000430832648,1005
NO4056326212684,99994,2015-02-05,$8068.63,3540000430832609,1001
PS87EQGUKDOIMIBNMATNK4KERAGJM,99994,2015-04-10,$1961.42,3540000430832627,1003
GR456977624VTFVVIMMYGO4TGLF,99999,2015-04-17,$2014.39,3540000430832617,1000
SA73120PNLZBL3SVQIPKAX05,99997,2015-03-30,$1322.20,3540000430832602,1002
LB454259GVPFU4GTK6CYQUBGZD1Q,99998,2015-01-28,$8767.29,3540000430832637,1000
FR342485610974VLRGCI1CRXD01,99995,2015-02-26,$5680.24,3540000430832634,1002
FR212304424913KSGUWPFXXHU95,99994,2015-04-08,$6441.99,3540000430832635,1003
MK123030IKDUECOZX84,99995,2015-05-29,$3106.45,3540000430832637,1000
BG41AAHS399425ALHKQNDM,99998,2015-04-19,$974.66,3540000430832645,1003
MK14854WLANBHRTP810,99994,2015-04-11,$465.27,3540000430832638,1001
DK6819836776892293,99994,2015-05-11,$6785.11,3540000430832613,1005
AL1837898161BEFJL1N0KMZDQZ0A,99993,2015-02-27,$5961.61,3540000430832635,1002
FR046086898275QTFSDLLXUWA81,99995,2015-02-11,$8339.56,3540000430832601,1005
PS92IGEMSW42EVKWAYVWER2PCYMEE,100000,2015-01-03,$6838.19,3540000430832640,1000
PL38880082250056146889505593,99994,2015-05-13,$3115.23,3540000430832655,1000
AD4324858904GE9M044RVIHC,99993,2015-01-04,$7984.64,3540000430832627,1005
PK86HXDTEBZ2GX9QSC6ALVBV,99998,2015-05-07,$1871.51,3540000430832652,1000
SE5097325189949801057575,99998,2015-05-01,$3688.20,3540000430832637,1003
SK9462886300882472542109,99998,2015-04-02,$7589.57,3540000430832615,1000
CR9575517224949777603,99999,2015-01-16,$5067.09,3540000430832623,1004
IT42Q2221629641MLKV3ZSWCHCH,99996,2015-04-18,$7732.93,3540000430832638,1003
FR645118104405WPLKSLJOGKP88,99994,2015-01-02,$8837.54,3540000430832636,1005
GE62XM3597680241116911,99993,2015-03-05,$5698.84,3540000430832625,1003
ME72064257560307839766,99994,2015-01-13,$2108.85,3540000430832631,1002
FR840293489912WRQL4U3LQIW54,99995,2015-05-11,$4676.80,3540000430832624,1000
CH57873566IU9BZYXX61E,99996,2015-03-09,$2956.47,3540000430832607,1000
FR6078033146328OLOAWRIIXD63,99998,2015-04-17,$7635.23,3540000430832613,1002
FI3591402699778157,99996,2015-03-26,$2523.59,3540000430832638,1002
PL26844095960892170677800329,99999,2015-01-01,$3790.31,3540000430832644,1005
FR374199170969G3AKQGNKA8D44,99996,2015-02-16,$8695.48,3540000430832643,1004
FR833389307064QZU0DCQKEOO60,99993,2015-01-01,$6367.80,3540000430832631,1003
KZ39058UUXKCCJKIKXCP,99996,2015-03-25,$6115.83,3540000430832601,1000
CR4939446015190902089,99994,2015-03-14,$3585.72,3540000430832615,1001
CH48556547SFJUXEHKQTT,99999,2015-02-10,$2919.24,3540000430832633,1003
DE22117039718199905898,99999,2015-02-08,$3694.34,3540000430832647,1001
LU10250CV8HENNJHQSFP,99998,2015-01-14,$8157.30,3540000430832604,1000
MK09760QKUFCZTIO746,99995,2015-02-17,$3625.44,3540000430832630,1003
LV14GANEDA846ANDQVHIS,99996,2015-03-01,$1688.25,3540000430832618,1004
GT572QCUEIZZLDS9TF0DOB5GVXPC,99996,2015-01-09,$2443.23,3540000430832615,1003
VG93EVYI1769639319847972,99999,2015-04-23,$8228.13,3540000430832603,1002
FO4286799174984177,99994,2015-03-11,$4835.75,3540000430832622,1005
MD75KHRSPUQJQL1ZPD2RBP7E,100000,2015-04-08,$3985.69,3540000430832659,1000
AL3374907212AOFFILED5AFSB0PK,99998,2015-03-27,$4248.77,3540000430832604,1000
ME94976567721173233118,99999,2015-02-25,$919.88,3540000430832613,1005
AT300883321616240137,99996,2015-01-02,$3060.21,3540000430832630,1003
SI43023856805186284,99994,2015-03-14,$4507.87,3540000430832602,1004
PL62052929499805164803888721,99995,2015-01-18,$6758.43,3540000430832655,1004
ES5306112309597533200695,99997,2015-01-17,$8488.73,3540000430832634,1005
AT134707340175196207,99998,2015-05-23,$1200.46,3540000430832639,1004
LI9765212Q4DGUOZ7WDT9,99995,2015-01-21,$4174.88,3540000430832614,1005
EE818977533510529317,99999,2015-05-13,$4217.46,3540000430832605,1001
NO3541843555800,99997,2015-01-24,$5041.36,3540000430832631,1003
PS65OWERVZ8Y8DY2Y6AYG7ZZQ5WKT,99994,2015-01-30,$7244.14,3540000430832629,1004
GT31TR7BCAL84DMZTOHBBP3CTLUR,99998,2015-02-23,$3606.42,3540000430832642,1003
IE19YNHB06449652019136,99998,2015-02-08,$2582.90,3540000430832653,1002
AD0483053583YPVXMSTJSK9G,100000,2015-02-20,$8261.05,3540000430832639,1004
PS97ZHKKUNILEX3XXYOC252FZR1YQ,99993,2015-04-05,$6811.65,3540000430832629,1005
FR6497665079166RNB3AVEYZJ31,99998,2015-01-13,$3545.40,3540000430832620,1000
VG07GRGV7213035098540453,99994,2015-05-18,$6753.45,3540000430832608,1002
DK1107839331300649,99993,2015-02-05,$8174.74,3540000430832626,1003
DK7835003178276666,99998,2015-02-18,$1869.52,3540000430832628,1004
IS178981005845984214918078,99999,2015-02-11,$8669.84,3540000430832649,1000
BA305731137197599528,99999,2015-03-13,$2785.94,3540000430832647,1001
HR6107015124231721457,99993,2015-03-07,$1809.14,3540000430832658,1003
AL70299461970SSOODJOJMYUNR5V,99997,2015-01-24,$1140.40,3540000430832651,1003
FR450099687512TPXV3QCMNZK73,99999,2015-04-24,$1844.29,3540000430832625,1003
BE32557539193400,100000,2015-04-12,$7269.66,3540000430832613,1005
SE5069369737575184424782,99996,2015-01-13,$7661.01,3540000430832654,1005
FR572729726141D8YQNYMKJOJ76,99994,2015-02-15,$5142.03,3540000430832609,1000
DK7394148658014774,99999,2015-04-13,$8113.26,3540000430832623,1003
DE11443425312309557913,99995,2015-03-28,$3836.38,3540000430832652,1002
SK8828618477889584856173,99997,2015-04-28,$1058.68,3540000430832623,1002
FR930849089822RR2GUVQBVTM26,99998,2015-04-27,$7215.81,3540000430832654,1002
MK39832CAJPGKXCAE99,99996,2015-04-26,$1045.32,3540000430832635,1005
GR107417752B9S33UUD3ACDPASD,99999,2015-03-14,$5401.14,3540000430832620,1001
GL6878365825402877,99995,2015-04-07,$7380.82,3540000430832651,1005
GE71IN4664845555803304,99995,2015-02-08,$5166.81,3540000430832633,1005
BE51322150065275,99997,2015-03-13,$6229.34,3540000430832610,1001
SM14H0782944841CVIQLFVERMM9,99997,2015-05-08,$5446.64,3540000430832655,1000
FR753383554931JNK8XEZVCBD15,99993,2015-01-03,$2074.41,3540000430832642,1003
SE4289457058036268273739,99997,2015-04-23,$3309.13,3540000430832634,1005
GR195335021DS2LLHIHSAZV3C8S,99997,2015-01-18,$7613.97,3540000430832647,1004
SA1988D9XDUPIE2CODXOG1XN,99995,2015-05-22,$8008.98,3540000430832606,1003
AD931278708731F9ZN3WSA50,99993,2015-03-07,$5215.33,3540000430832642,1005
IS497198411353870771390028,99996,2015-01-17,$2428.58,3540000430832646,1000
PS94DCEW72UW0XTJCWX9JYA0WZK84,99998,2015-03-30,$2102.49,3540000430832644,1003
SA6265JFTNG06LULT9TPPLBT,100000,2015-05-30,$8101.62,3540000430832625,1000
DE34295343863898599291,99996,2015-03-28,$7614.54,3540000430832606,1003
GR925629299TVKRVREVKW1DUQCC,99995,2015-02-03,$2900.14,3540000430832636,1003
MT29TWZY77303SWZTCMR05DNGZHRLKU,99995,2015-05-15,$2921.63,3540000430832642,1001
FR540319787725Y86OQTW1PP233,99995,2015-01-07,$4422.57,3540000430832627,1004
LI09418535TYKSY3LBWT0,99997,2015-01-09,$8493.29,3540000430832652,1003
FO7571436482670684,99996,2015-01-27,$2522.83,3540000430832627,1005
MD73MF6QJVXLLDDD4A4GL5BK,100000,2015-05-25,$3825.83,3540000430832630,1002
MK78245ONTXOZXETO99,99999,2015-03-31,$3642.70,3540000430832657,1005
AL1471201636QRZOHQNVER1L6GRQ,99999,2015-05-15,$7785.62,3540000430832658,1000
FI2126697296410515,99995,2015-03-06,$7808.09,3540000430832624,1001
BH87XXNP3TRHRJBTNJVVO2,99999,2015-01-14,$1218.54,3540000430832626,1003
AD75327109868OHEQ04GEQNV,100000,2015-04-11,$7721.05,3540000430832647,1005
BG42WIOG968390WTEO1YKA,99993,2015-02-21,$3673.80,3540000430832601,1004
GL9051630136110008,99996,2015-03-25,$5674.10,3540000430832608,1000
FR8245570606446XVIBNC9LBA67,99995,2015-03-12,$6691.52,3540000430832635,1000
FI2622450592159995,99996,2015-01-17,$8552.67,3540000430832602,1003
HU95827996977639153391744058,99999,2015-05-03,$1542.18,3540000430832611,1002
LT156380843316064804,99993,2015-01-09,$8499.43,3540000430832643,1003
GE34BE7119292801767505,99997,2015-01-17,$7239.49,3540000430832655,1004
PL24674619056783273719668481,99999,2015-05-12,$547.32,3540000430832658,1003
AE983065384771580067024,99995,2015-04-07,$1423.72,3540000430832621,1001
LT819668786475748909,99998,2015-05-27,$3625.65,3540000430832639,1003
PT89466552546345054893149,99999,2015-02-05,$1286.75,3540000430832628,1004
GT53T1BIIFTONJRNW8G5GXDYOKRD,99999,2015-01-27,$2940.60,3540000430832615,1002
CR5195445870362636076,99994,2015-03-06,$3730.30,3540000430832607,1000
NO9883305139897,99995,2015-04-13,$8019.70,3540000430832646,1003
PT61333706291366371376685,99997,2015-02-02,$5290.03,3540000430832616,1000
FR1608916075057BWXEITEGVO14,100000,2015-01-02,$2869.39,3540000430832615,1000
DK3832582466579001,100000,2015-03-16,$3231.98,3540000430832618,1002
HU25963424776933890736651389,99993,2015-04-23,$1532.65,3540000430832640,1001
PT58275397508386994611701,99996,2015-05-25,$8722.70,3540000430832645,1000
GB76BZVQ81352436286570,99996,2015-05-11,$6445.13,3540000430832652,1000
GE46PN6323802999018336,99997,2015-04-10,$4377.12,3540000430832603,1000
FR332256657668QM1QQTPLURE97,99994,2015-04-07,$766.57,3540000430832620,1000
SA3317HSX7QFX2J1AIQMUKG1,99999,2015-02-28,$6275.18,3540000430832650,1000
SA37007BBBYRH0HIZHE3MPEP,99996,2015-02-20,$6657.00,3540000430832637,1005
FR427400960229JXACNQTWWHS39,99993,2015-01-02,$4881.44,3540000430832613,1001
ES0768687579374551261405,99996,2015-02-19,$1213.75,3540000430832652,1005
FR644091779090BZBIJ2CZ0XP89,99997,2015-04-18,$7596.71,3540000430832606,1001
KZ520485O45MRHRLZISQ,99998,2015-01-02,$8299.34,3540000430832644,1004
NO3130447148092,100000,2015-04-11,$6194.90,3540000430832632,1001
BR8975983966132636114531687DM,99998,2015-02-07,$3069.56,3540000430832647,1004
GE33DA3597920335068907,99998,2015-04-04,$6458.93,3540000430832610,1005
CH4290076N6SUSOGWWBZS,99995,2015-04-04,$8676.45,3540000430832622,1000
FR059087416084YYIUZQHGNX519,99994,2015-01-22,$3139.96,3540000430832651,1004
KW52EHQZAFO9RIW8ZEFC4SVBK3TLVK,99999,2015-03-06,$4931.04,3540000430832617,1005
BA623413003063872600,99997,2015-01-09,$5609.10,3540000430832616,1004
TR5155471KAUCOJITFXZFHFT6X,100000,2015-01-07,$8042.99,3540000430832612,1002
FR391372697022ZMUAGSJEESM90,100000,2015-05-20,$4436.24,3540000430832642,1001
CZ4313804154789633231697,99993,2015-04-26,$7502.03,3540000430832612,1001
FR053437770740NUVUIPVYNW094,99995,2015-01-16,$7214.59,3540000430832659,1005
SE7599230698133126112587,99993,2015-03-19,$967.73,3540000430832656,1005
BH21SSNDPMU3PFXYMIDZME,99995,2015-01-20,$2655.47,3540000430832607,1002
ME41398752732875689829,99995,2015-05-27,$5755.62,3540000430832619,1004
FR251142188833ZDT0GEHJMWM17,99996,2015-03-05,$3747.66,3540000430832608,1002
CH559784281W7UGANTVDV,100000,2015-05-15,$4849.67,3540000430832608,1005
EE976345621585283132,99993,2015-03-17,$636.48,3540000430832628,1004
FR063990842982Q7JAPNTI6EY88,99996,2015-04-18,$1474.97,3540000430832631,1001
FR505426285216B8MQ8BCVEDP07,100000,2015-01-10,$2434.81,3540000430832658,1004
GB36QWMF40601143640432,99997,2015-03-12,$7138.24,3540000430832608,1000
IE57VQDC88339097737929,99998,2015-03-25,$4405.33,3540000430832658,1003
LU50321RAH3AEROPZEAS,99997,2015-04-26,$1515.07,3540000430832642,1005
AD3718363049RREVAJCQYVE3,99993,2015-03-22,$7925.46,3540000430832641,1005
KW05YZPGWAITZGX9GTDBWOBOVQJYCG,99993,2015-05-15,$6733.15,3540000430832659,1001
MR5420834222352257582695213,99995,2015-04-29,$6008.76,3540000430832656,1005
SM19P99980414588YKO194A7VRD,100000,2015-02-06,$8211.27,3540000430832622,1002
MC392269268260OVAUNLCONU513,99995,2015-03-21,$5915.98,3540000430832622,1001
TN8132200587579314674135,99993,2015-02-21,$3119.09,3540000430832611,1002
ME97272676548566598527,99996,2015-01-12,$6246.69,3540000430832603,1002
KW62BQXGEHZZSF3XQRG0VHKKVLUCWM,99996,2015-03-03,$2956.25,3540000430832607,1002
FR799690870187VNM2R7NKY2R08,99995,2015-03-08,$6344.11,3540000430832655,1005
HU92532476082530323338604798,99998,2015-03-07,$3560.03,3540000430832609,1005
SA79770SVYRIIXZCOX6Q8PAK,99996,2015-04-12,$4779.55,3540000430832607,1004
AZ89HTYRIKG3VBY396MLVZEZBU2C,99995,2015-04-11,$3827.70,3540000430832658,1004
FR827763385837ARE7WMJD1CK05,99993,2015-04-29,$4993.36,3540000430832623,1004
ME91295601480156248848,99994,2015-03-27,$8126.35,3540000430832615,1004
AT969081674824133568,99997,2015-03-08,$5557.11,3540000430832651,1001
FR204912220034LYK1CRZXC9V59,99997,2015-01-05,$581.80,3540000430832625,1004
MK27981BJJSEK9XEJ66,99993,2015-01-14,$3734.49,3540000430832653,1001
RO28CQYXHK4CE3UDLBSNHVVK,99995,2015-04-03,$2230.84,3540000430832616,1001
FR143899516465BPVIUVI7EBW99,100000,2015-01-26,$4309.02,3540000430832646,1001
PT83502198703447668967327,99999,2015-03-25,$4480.61,3540000430832615,1005
GL2791160282502778,99996,2015-05-13,$8099.10,3540000430832626,1001
ME95999233011947641947,99995,2015-03-17,$3905.46,3540000430832635,1002
HR3128648297318712696,99994,2015-05-05,$4394.88,3540000430832616,1005
FR106653316545KBSGDN4WIAV44,99998,2015-04-07,$8101.85,3540000430832655,1000
FR036410897936B2IJ2XB28BN14,99994,2015-02-11,$8081.78,3540000430832607,1002
IT36F2710962716N4BF2KNUNX9A,100000,2015-01-08,$4385.85,3540000430832605,1004
HU68391480927305274432339202,99999,2015-05-19,$4734.68,3540000430832644,1002
LU29926SKQYJRY2UPKSJ,99998,2015-05-02,$465.68,3540000430832624,1003
CY9030132158GTAHBL2AI4OO1CFF,99999,2015-02-05,$7249.42,3540000430832602,1004
GI08GLARYIY2GW6UEKAUINY,99994,2015-01-05,$8717.13,3540000430832645,1001
AD852812773765XWN4GNPG9M,99996,2015-05-03,$2835.43,3540000430832621,1001
LB786737LEW87WFPGQNNLKSCTIFX,99994,2015-04-13,$6816.62,3540000430832645,1000
HU32838568770164074233797520,99995,2015-02-18,$6348.94,3540000430832638,1004
FR3470968049767AO6F1NI5EK49,99997,2015-03-30,$7388.66,3540000430832635,1004
BA540693347836446072,99999,2015-04-01,$6536.59,3540000430832620,1003
RO12FMTWGGHHMDVUY0H1W0WP,99996,2015-03-04,$1726.36,3540000430832618,1003
EE720686547860842438,99996,2015-02-24,$6025.03,3540000430832623,1005
EE389375657285678793,99997,2015-03-19,$1355.90,3540000430832618,1002
FR947518992328JBPAMVKIQHI77,99994,2015-01-27,$4599.13,3540000430832644,1004
KW89YIYPNUC9TF66XZV9SGTXXOMUMI,99994,2015-02-19,$666.64,3540000430832632,1004
LB544414JBXECIXGB2ALGSXEX6L9,99994,2015-02-17,$8188.30,3540000430832641,1000
DO68RVUN64140655785163136579,99996,2015-01-21,$7917.70,3540000430832658,1004
PK06UPAACV80KYAZMFGR8M5F,99999,2015-04-05,$6945.27,3540000430832646,1003
MD90VSYAPLSIBRL3RJ0NDJE6,99997,2015-03-13,$1890.25,3540000430832654,1002
AL3119742886M3BEOVR8VDTZIDQ2,100000,2015-02-28,$3792.77,3540000430832602,1005
GT17BKDJ9YQIMOHGHY9LDKM64PVP,100000,2015-01-10,$7630.29,3540000430832629,1004
NO3263865883148,99996,2015-01-16,$1121.72,3540000430832656,1002
KW97XWETDQ4YKB70MH9L9H8URVFPJX,99997,2015-02-22,$986.74,3540000430832649,1001
FR884566889963HLQDLNMBIRP63,100000,2015-02-20,$8151.54,3540000430832656,1003
CY1891541697EEVMLBMZFAUABD7Q,99993,2015-03-29,$8200.83,3540000430832640,1000
FR818832894477DHESFK7ZXPD71,99994,2015-02-21,$690.70,3540000430832607,1003
CR3819284773229681926,99998,2015-04-26,$4622.33,3540000430832634,1005
RO40JWZO6G0SLPH3IOIZCYU6,99994,2015-03-28,$5834.71,3540000430832655,1001
MT07FOWD76063EYJHVUBKRWAGD3ZUTB,99994,2015-01-27,$2654.53,3540000430832613,1000
LB690177E0GMJFHR4EN1JGRWGYQG,99994,2015-05-19,$4864.70,3540000430832622,1002
VG09BSZB2103279853304438,100000,2015-04-24,$6739.50,3540000430832634,1002
CR0943173571581896809,99997,2015-03-18,$3662.39,3540000430832642,1001
BE76757510125287,99994,2015-05-13,$2300.85,3540000430832624,1005
MT82OFDJ03427UBYF4XF6PEWM0P48JY,99999,2015-02-18,$3947.38,3540000430832606,1002
LB867352JXJUZRJYKW1ZHY2XYETT,99996,2015-05-07,$3421.73,3540000430832601,1000
FR914956041005KT11TOPBQLM68,100000,2015-05-19,$845.71,3540000430832610,1002
LT040124523606827925,99993,2015-01-27,$7883.15,3540000430832618,1001
LV23RJPUGL5SPZCIPQ48F,99995,2015-04-04,$3347.74,3540000430832610,1001
EE486114273679725741,99997,2015-03-21,$1193.00,3540000430832649,1001
SK9037805399322241922816,99999,2015-01-02,$2338.98,3540000430832646,1000
LI1247037FLA579JUJGEQ,99994,2015-04-03,$1239.31,3540000430832636,1004
AL87463641989SVMHFYJ3YTBURSD,99998,2015-01-08,$5555.65,3540000430832609,1001
LT187892678822886399,99997,2015-04-20,$590.14,3540000430832622,1005
NL94GBCY3017410626,99993,2015-03-17,$1662.85,3540000430832612,1001
PK14TGTTWZUWCGA1HEAT5HYP,99993,2015-04-16,$1551.53,3540000430832646,1005
KZ23828SULJF2HCOZIFB,99995,2015-05-02,$6571.58,3540000430832603,1002
GT70UX5UUVYVQKT2DOFYJDXSSS0H,99997,2015-05-18,$5870.36,3540000430832626,1001
MC126502736434S6EXUEWGYPF43,99994,2015-05-29,$1780.69,3540000430832658,1002
AE175213793738049817424,99996,2015-04-10,$6026.93,3540000430832653,1002
PT89225823016442473282434,99995,2015-03-15,$8176.66,3540000430832639,1002
MK48401FUBCAEPKTG77,99994,2015-04-17,$1990.75,3540000430832653,1003
KZ07127ICFQHM4OIHQNG,99994,2015-05-04,$1513.58,3540000430832611,1001
HU26535405484263394097201583,99999,2015-02-05,$8267.65,3540000430832609,1005
BA636106051382340269,99994,2015-02-16,$7287.37,3540000430832611,1002
HU31281211966016055445245649,100000,2015-02-08,$3151.04,3540000430832620,1002
AD8019831588YW76GOAFYQWT,99999,2015-03-25,$2479.76,3540000430832617,1001
RS22765515215633773721,99994,2015-02-21,$7133.86,3540000430832647,1004
AD7300743792OPJCVVK8NLED,100000,2015-01-22,$3895.42,3540000430832613,1003
MC564214516881DCOM8BDFYOS33,99993,2015-01-05,$8643.82,3540000430832606,1000
NL74MAPT9866772904,99997,2015-05-20,$1635.39,3540000430832621,1001
MD30XZPE62AJYFJ4M9CHIXLM,99993,2015-01-15,$5019.24,3540000430832630,1002
KZ863191LZ1NIHLPV4ZB,99995,2015-03-23,$8384.19,3540000430832651,1005
LV50QCAWQ5X4GC4ZSCDJX,99997,2015-05-06,$6531.17,3540000430832630,1000
PK39ZQPSDR5HENY4O1GLKSI9,99995,2015-04-13,$2754.76,3540000430832622,1001
FI3257683323473116,99994,2015-02-28,$7706.05,3540000430832617,1004
GI89KISIII9PUI4FQGN3URB,99994,2015-05-19,$7158.47,3540000430832638,1001
MT71GWAQ60294QUA8J9HPTK7HY49WHU,99997,2015-05-30,$2031.78,3540000430832651,1003
PS24TXUX7GVURIJESFNS2EGX4G6WB,99999,2015-01-21,$2196.37,3540000430832650,1002
LB193755UDBAOFKT04OVDJRMKHZG,99995,2015-03-31,$1340.40,3540000430832634,1005
MR6911475911253501966209468,99994,2015-03-31,$6865.27,3540000430832638,1002
FO7848337645619529,99998,2015-04-29,$8686.63,3540000430832620,1001
SI08544803626920607,99996,2015-02-12,$7719.96,3540000430832604,1002
VG81ANJY2988270930030430,100000,2015-05-01,$3545.40,3540000430832648,1001
DO59BUKL64522470087778745861,99995,2015-05-06,$5190.41,3540000430832612,1001
BG82XAPE519834XKOMOPQO,99995,2015-01-13,$6264.97,3540000430832647,1002
FR397191708090B2AAKNYKD8620,99995,2015-04-22,$8230.51,3540000430832614,1000
PK19UWKOM0KBHCGHE88CMEWG,99998,2015-03-20,$8821.85,3540000430832619,1005
FR838955715208CMVVG0PN6UQ74,99997,2015-04-29,$2151.01,3540000430832631,1004
FR224065058981V7LX2T2PFC049,100000,2015-03-31,$5895.38,3540000430832602,1002
PK08HMBAGALLL41JBXZZA8ZA,99999,2015-04-27,$5892.38,3540000430832616,1005
FR334206769196TB6GIBRKLUO36,99994,2015-05-04,$8717.69,3540000430832645,1002
GR801670134UU3MIKIODAX30XS0,99997,2015-04-05,$2449.17,3540000430832644,1004
AZ06YDHV93OJTXRXUDSSB5BVG73H,99996,2015-05-02,$1950.50,3540000430832638,1000
CH4457292N8ZQPZTNDUIZ,99997,2015-05-22,$1661.18,3540000430832643,1004
SA0373BWA3ZUITEGIWMNKFWM,99995,2015-04-15,$5054.71,3540000430832639,1005
DO32ZNOO65024026945532945310,99998,2015-05-20,$3363.35,3540000430832639,1001
SE3875936967175296420917,99993,2015-05-13,$2537.43,3540000430832602,1005
DE67277109294900194484,100000,2015-04-19,$6169.54,3540000430832656,1002
FR448961555019AIZKPDMIXFR17,100000,2015-03-26,$4902.14,3540000430832631,1002
IL959410233053297490722,99993,2015-05-17,$7285.52,3540000430832617,1002
SE8650591660273262120357,99998,2015-02-11,$2775.29,3540000430832626,1002
MK13734H9IXYBACC353,99996,2015-04-04,$8677.45,3540000430832648,1005
FR283551529011U69QZLP3KVV03,99997,2015-02-07,$1067.09,3540000430832659,1002
FR925850032703VWUA77IICQS87,99999,2015-05-19,$3667.99,3540000430832643,1001
ES3991130830667180334984,99999,2015-05-10,$5445.40,3540000430832658,1001
FR734097510098QQ10GTI0CCW09,99993,2015-04-30,$6816.22,3540000430832604,1005
ES6088782478246074925995,99994,2015-02-16,$7319.48,3540000430832620,1003
LV39CVZZNJNIQA6YQSSZ9,99999,2015-03-28,$562.40,3540000430832645,1005
FR0726472012711TES2KCONCZ78,99999,2015-03-26,$8510.92,3540000430832608,1000
IT45Z1876651002PO4G05624MP3,99995,2015-01-26,$7226.56,3540000430832654,1004
DO95Z6GG08495644679854648485,99996,2015-05-11,$2218.68,3540000430832606,1005
FR266177523634N0PKD0S0VIZ77,99996,2015-02-19,$7159.19,3540000430832636,1000
FR164855154204U46CAVTETWR90,99998,2015-01-10,$4708.19,3540000430832655,1003
LI95874772WQ06B5MPLOQ,99996,2015-03-02,$4009.28,3540000430832608,1003
LI1527049JZCY7I0CNUUB,99997,2015-01-21,$5055.20,3540000430832638,1000
FR7289679960178DW5EHQMMNN00,99997,2015-02-05,$2809.31,3540000430832622,1003
MT36XURK50143O5W53HISZGKFRHJWQU,99999,2015-02-22,$8165.71,3540000430832640,1002
MR4355603132009423451266514,100000,2015-03-24,$8177.52,3540000430832651,1002
MC7019292829266WMYQQJWBKO37,99998,2015-04-23,$7458.38,3540000430832625,1002
SK6065317408313999717835,99998,2015-01-26,$2569.96,3540000430832617,1000
AD0238837831MEN6AHB3C9KJ,99994,2015-05-18,$5286.35,3540000430832636,1005
KW38TIVOWAU5LFIHABDF5IAPLISAIE,99994,2015-04-03,$8607.72,3540000430832607,1004
IS247178940097158662472521,99998,2015-01-30,$7339.19,3540000430832642,1005
FR97127468120783BRSNZBKS696,99994,2015-04-04,$6833.28,3540000430832608,1003
EE112648298968480453,99999,2015-03-25,$4735.62,3540000430832611,1003
AZ48MYRQSTERDYKJT6R7WMDPDBBX,100000,2015-01-10,$1493.34,3540000430832612,1005
SK0925310635840104019416,99999,2015-02-15,$2059.27,3540000430832613,1002
PK52DDONE65TLRDPDFCCIWM3,99995,2015-02-13,$6478.01,3540000430832617,1005
FR442343630262MZM8P3N9NYB46,99998,2015-04-21,$3516.60,3540000430832656,1003
BA399264836142309740,99993,2015-05-18,$2783.34,3540000430832622,1000
AD0612564077WNABVBOI3DDI,99999,2015-02-09,$4114.04,3540000430832609,1000
NO5948169712523,99997,2015-04-27,$2101.54,3540000430832616,1001
AL0736931417IF43K9XQSLQGPOCB,99995,2015-01-27,$7847.48,3540000430832616,1005
SA1468BFOQCVC04Q8ACCDSPD,99999,2015-03-06,$1819.47,3540000430832605,1003
LV14WRTCVEWQALKQ4TGDD,99996,2015-04-03,$1465.24,3540000430832618,1001
SE7273441260696805940478,100000,2015-02-16,$4645.73,3540000430832656,1002
MT52LHXP26691NFGTPFKBKAN0PFCAPK,99994,2015-03-12,$6086.36,3540000430832645,1002
SM11L2731137952BKBODSRPFFAK,99995,2015-03-06,$948.07,3540000430832639,1002
CH7034990IRSNTYTHCVEY,99999,2015-02-10,$831.19,3540000430832618,1001
GI94NMIS47TK2EA6Z13MZVR,99995,2015-01-16,$8178.75,3540000430832644,1000
FR656487283921CGA8VL7RIJB14,99996,2015-02-02,$5363.88,3540000430832607,1005
SA5742UNPLYUOUPBDXRRUKF2,99999,2015-02-26,$3653.87,3540000430832616,1000
SA06438YBIMH0LSNB0DLHEFJ,99997,2015-01-08,$568.42,3540000430832638,1001
RS54216317736085960517,99999,2015-01-05,$3966.39,3540000430832643,1004
PK16OYGZZFRDLZMFXUCM3X8V,99994,2015-03-21,$8767.91,3540000430832650,1000
CZ9753464879346406827060,99999,2015-01-30,$4539.22,3540000430832643,1003
FR590086252683SKX7JLJ7WQO84,99997,2015-02-09,$2879.00,3540000430832612,1004
CH8564443T6YX0FAOBGPN,99999,2015-01-13,$2790.99,3540000430832656,1003
FO7542040719483938,99996,2015-01-28,$6840.14,3540000430832605,1001
FR776989028152QVY2TWVBRBJ16,99995,2015-01-28,$2193.82,3540000430832615,1000
FR6679469794293JEEMWJCNPE83,99997,2015-03-11,$7678.46,3540000430832615,1003
FR951418287839CCHQDLV42WJ08,99994,2015-01-17,$3222.00,3540000430832650,1003
LB448077FXM7OGUDKK1ECSWVSSRH,99996,2015-02-27,$4479.04,3540000430832605,1000
PK05CRGBE1QQUPTTBUNJLM78,99995,2015-01-14,$4272.03,3540000430832617,1003
GI53KZNSH7MGYCRV8JZ1QMA,99999,2015-01-20,$8062.02,3540000430832649,1001
AT506947583166946388,99996,2015-03-20,$1379.93,3540000430832623,1000
NO9775407298841,99994,2015-03-08,$7489.72,3540000430832627,1002
FR387508416719T4YH8O6VT7G05,99997,2015-01-22,$5231.38,3540000430832626,1005
IT88J9059715671WTCOFLE9DT5N,99993,2015-05-07,$1211.06,3540000430832611,1003
HU75236890977416192916500088,99999,2015-01-12,$3349.81,3540000430832646,1001
VG43JBQC4792503188853123,99995,2015-05-17,$6860.96,3540000430832636,1003
ES2144593504977660512343,99998,2015-03-20,$6863.92,3540000430832622,1001
FR361073141617CEE1D1VXT2L95,99994,2015-03-24,$7989.91,3540000430832613,1004
CR1597373048926341584,99997,2015-01-28,$8725.28,3540000430832636,1000
CZ7415697220700209275759,99997,2015-01-18,$3083.65,3540000430832646,1004
LU27463P2MFGTYM725I0,99995,2015-05-21,$1132.62,3540000430832601,1000
GE51XN4126401545485986,99993,2015-04-22,$8437.21,3540000430832659,1005
MT98TZUB76753GP78BJFT94KYI02IKM,99993,2015-05-21,$6674.91,3540000430832623,1001
DK1783264725976505,99999,2015-01-26,$8029.88,3540000430832645,1005
MC472665796449SNVBOCXPGSU80,99995,2015-03-10,$1605.00,3540000430832611,1001
CZ3712292940266171787344,99996,2015-02-28,$1656.70,3540000430832614,1001
BH15MZVDYJSJ5QO93DB8O9,99998,2015-03-18,$2533.38,3540000430832623,1002
FR180237767107JW7YJU7HOOC85,99997,2015-02-21,$8548.61,3540000430832633,1000
GL4633616386138794,99998,2015-03-18,$507.07,3540000430832645,1001
TR3006359SGIIAOWMTGXHLXAQC,99998,2015-04-12,$6422.31,3540000430832602,1005
RO28HAHKBSMQEADCRF7OW9YC,100000,2015-03-08,$4291.58,3540000430832632,1003
AL9283636138BHFNOS6DOYXJSBBL,99995,2015-02-15,$8404.69,3540000430832640,1001
FR368445430801YALDZ5CS4B848,99997,2015-04-20,$6234.53,3540000430832659,1000
FR364358136759J2XVCXVDCQZ37,100000,2015-03-16,$896.80,3540000430832635,1004
FR181937694226TI4CM6PCLI370,99993,2015-04-25,$4682.01,3540000430832604,1004
SI83483160136446403,99997,2015-04-17,$5080.21,3540000430832633,1000
MT86RYRS80760D2FTRFQ597TNDUJ3D0,100000,2015-01-04,$1938.96,3540000430832649,1002
LV60KKCGB3PQEYWU4A9GT,99995,2015-03-28,$5060.96,3540000430832622,1005
MK3183702QSOZIGLV44,99998,2015-03-27,$5376.16,3540000430832629,1002
LV53KAEA5ZLVMKUAMZOJP,99996,2015-01-31,$4676.23,3540000430832602,1000
FR100745277414JSPFXYV8OOO22,99994,2015-05-05,$8361.50,3540000430832610,1005
FR682235403802REBARLHSTGC47,99996,2015-03-25,$5017.47,3540000430832658,1005
AD5421225231RAVW6MBLCNX5,99995,2015-02-28,$6820.72,3540000430832634,1003
EE107540789785878868,99994,2015-05-12,$4202.15,3540000430832659,1005
MU22CEUP7484824342774464174HJU,99999,2015-02-23,$863.86,3540000430832619,1004
SI55249749813182458,100000,2015-05-15,$2656.33,3540000430832614,1004
CY6763428338WMJU1OCFMBXZBXJN,99995,2015-04-08,$1190.55,3540000430832652,1000
FR6313235321659ZA5N6YZWAJ10,99993,2015-04-22,$6809.14,3540000430832609,1005
SM31L8658125874FHS7TLDWAOKO,99998,2015-03-11,$4475.14,3540000430832644,1000
IS166644022365123826086344,99999,2015-04-20,$599.40,3540000430832659,1003
MD59MDPS0HYY37OWUWBUVDIN,99998,2015-03-27,$1828.45,3540000430832611,1005
NO7878339729269,99994,2015-04-18,$1345.39,3540000430832649,1004
BA564026284484899610,99998,2015-03-03,$6654.35,3540000430832630,1001
FR342406480407P0VVZJYIQ6R49,99995,2015-01-07,$764.15,3540000430832603,1001
EE616541244084567172,100000,2015-04-11,$8610.87,3540000430832638,1003
GI32TGTGVF3QHMHTXJVQIQR,99993,2015-04-20,$8338.23,3540000430832623,1000
SI04355021787341270,99993,2015-04-01,$2679.29,3540000430832650,1004
IL828461007383550494609,99995,2015-02-17,$2926.57,3540000430832658,1005
LI3726960VN2YNBPKAUIA,99996,2015-05-14,$3382.69,3540000430832626,1002
LU22813TOGHCPFWL2VF6,99997,2015-01-09,$7135.33,3540000430832613,1005
FR644880962034NTVSDVW6WMK79,99994,2015-01-07,$7316.33,3540000430832640,1001
RS33630592234811029410,100000,2015-03-02,$4267.90,3540000430832601,1001
PL39173527765771957178357028,99995,2015-02-17,$7894.54,3540000430832655,1000
HU87608981536727103957136702,100000,2015-04-15,$3315.97,3540000430832632,1000
LB491502CAH2JSEOTBIY8JPFCOSZ,99995,2015-04-22,$4868.49,3540000430832611,1002
IS023124911934199729071981,99995,2015-03-05,$774.49,3540000430832602,1002
AE209142733989903443775,99994,2015-04-20,$7652.65,3540000430832631,1004
BE65208526547433,100000,2015-03-20,$3525.22,3540000430832610,1002
BH45JXBVCSHOXKKUOL0OF3,99995,2015-03-08,$5466.70,3540000430832647,1005
LU17570VYLANKVJHSD3N,99997,2015-03-25,$8854.44,3540000430832644,1000
IS690173919581457395983002,99994,2015-03-29,$4715.75,3540000430832607,1004
AL2525410410NV3NBCHNMMATGFRB,99998,2015-01-25,$6057.10,3540000430832619,1002
LT972048973961703226,99996,2015-05-29,$7326.72,3540000430832608,1002
VG62TFDI8855689085643809,99997,2015-01-03,$620.68,3540000430832657,1001
BH53VBBYU16Z8BKJKBO4I6,100000,2015-02-06,$7213.07,3540000430832639,1002
LV93CDGGB5XQUV4HDJ07O,99993,2015-02-14,$8424.34,3540000430832636,1003
NL39TLNS9795370772,99997,2015-03-28,$7137.27,3540000430832654,1003
BH78SMQDHPNKHIECY8JXL2,99994,2015-02-05,$4935.54,3540000430832603,1001
FR631438747410302V7HSFJK792,100000,2015-03-04,$7892.71,3540000430832637,1003
IS393668958194040034433095,99998,2015-05-26,$4423.70,3540000430832601,1000
MT60QSTA54041BTDVRKYJAZEVEYEAGD,99996,2015-05-30,$544.03,3540000430832652,1004
BR7990448978862431121544749NK,99995,2015-04-13,$4940.01,3540000430832639,1002
AL4618152116IN4EU2GQFDDCL1NZ,99996,2015-03-05,$8074.81,3540000430832617,1000
MT92ECAQ96135KNTUM3MEK6BF2MORRZ,99997,2015-05-12,$2246.18,3540000430832613,1003
LT064732515799631835,99997,2015-04-19,$5183.60,3540000430832627,1003
MU18HCSO1538074230255346912GOS,99997,2015-04-06,$2743.33,3540000430832608,1000
CH8703285TMB4FPPO63CO,99997,2015-01-21,$586.37,3540000430832638,1004
NO5265717232354,99993,2015-03-07,$2037.48,3540000430832628,1003
CZ2842841725239523064477,99995,2015-05-25,$986.12,3540000430832602,1003
IL319547069294780400118,100000,2015-05-28,$6910.60,3540000430832601,1003
FR0523536562281DLFAJREPBS85,99995,2015-01-28,$869.76,3540000430832612,1003
PL14817095167596246858740176,99994,2015-02-05,$5235.51,3540000430832620,1001
IT51L9306055358LX1M7AVULJC8,100000,2015-04-28,$2317.47,3540000430832652,1000
FR726548780188URH2T9WK0EQ96,99997,2015-05-09,$3026.15,3540000430832606,1000
MC548073080779ZYERUAOTEGZ40,99996,2015-03-17,$4434.32,3540000430832609,1001
GE32RZ3870885642655122,100000,2015-03-02,$4792.47,3540000430832621,1005
TR1969823EMO5YPWKCOOXZN1UB,99994,2015-04-11,$1348.95,3540000430832643,1005
HR7319884941162133065,99999,2015-01-17,$5008.21,3540000430832602,1003
RO55URFDPI9NVVYFJXOEYMZI,99998,2015-03-12,$7344.62,3540000430832613,1003
KW42IGAXORPCSJ5ISEQNMITWFDV2WJ,99993,2015-05-24,$8051.76,3540000430832616,1002
MC4417670521399TLO3R1Z79V33,99999,2015-02-06,$5380.39,3540000430832614,1001
IE28SLPX84660975878602,100000,2015-05-03,$5329.54,3540000430832645,1000
LT167516702860655364,99997,2015-04-01,$3449.19,3540000430832655,1003
PK90FWALTQIS7H6A9ZI2WYKF,100000,2015-05-07,$5270.27,3540000430832612,1000
RO85HHQR9LYO9DA3QPONZBHP,99993,2015-05-22,$3790.26,3540000430832651,1000
CZ5290802492383301461597,99999,2015-05-25,$3929.74,3540000430832618,1000
MK42744L4HLDUIKUV44,99999,2015-04-15,$7850.49,3540000430832625,1002
AL7126529834HFGSHOTZWKO24PSR,99996,2015-02-28,$1980.59,3540000430832651,1004
MR1288002736607521386339179,99999,2015-03-29,$4569.99,3540000430832658,1001
HU07349332235104998674490493,99999,2015-04-23,$4116.21,3540000430832631,1004
PS75RUERP0AZKGFMCWKCH70ITNQMQ,99998,2015-05-15,$5141.42,3540000430832623,1000
FI4119688439648480,99994,2015-04-29,$1284.64,3540000430832627,1000
CZ4158848214448525799567,99993,2015-02-03,$2246.28,3540000430832636,1001
BE39133753717370,99993,2015-01-06,$6816.16,3540000430832614,1001
CZ2120795364767177322608,99997,2015-05-02,$4294.19,3540000430832616,1001
PS96PCOR2LMXNI47KJCWKXAN65DZV,99999,2015-03-28,$8812.78,3540000430832633,1001
KW75HVRHNHXSTM9ZJSUBD0WPNDJFWV,99994,2015-01-13,$6830.32,3540000430832603,1000
BG82TWDG776227UVVZ3XKV,99998,2015-05-10,$1207.57,3540000430832647,1003
MC827180110068TI6RLBA6BPW65,99998,2015-03-25,$7691.53,3540000430832657,1003
AD913071910705WJEGEAJX5Y,99998,2015-01-04,$1006.65,3540000430832602,1003
SM93W1931523144IKN9KDCSFKKN,99994,2015-03-20,$1403.44,3540000430832602,1003
ES0287518766516185957051,100000,2015-03-26,$3806.49,3540000430832612,1002
GL6493804656457117,99995,2015-04-05,$4759.51,3540000430832651,1005
BH57IOPQSBCCR7EKTCTTX7,99997,2015-05-04,$8330.05,3540000430832607,1000
MD46I3IF8SBHLD0RXVPOGG6S,99994,2015-05-27,$1199.37,3540000430832650,1003
FR648299709982XR0ZGDYOAW729,99993,2015-04-16,$3162.46,3540000430832618,1002
FR660635409307SXNEKBZORGA19,99998,2015-02-18,$5942.75,3540000430832655,1005
IE10AJUD26218095688504,99994,2015-03-11,$493.82,3540000430832654,1003
SM59G0347297739LTZZBL09JGP4,99997,2015-01-26,$1106.98,3540000430832622,1003
IS803505219887507539820640,99997,2015-03-20,$5212.47,3540000430832641,1003
IT30J0027986928WWTZDEVSVWQH,99993,2015-02-16,$4711.21,3540000430832645,1005
DO562EWP39389265231757869185,99994,2015-01-21,$7905.57,3540000430832612,1002
TR2127566YCVWDDC4UXLD7H7BB,99995,2015-02-15,$5169.05,3540000430832611,1004
MR8106763760894117838355358,99999,2015-05-03,$5082.60,3540000430832639,1003
CH2052000FYGAPWHDGDQJ,99996,2015-01-28,$5448.64,3540000430832621,1005
FR776444715562YRH8DEKADZZ07,99996,2015-03-20,$2265.12,3540000430832621,1000
FR977304066542TMTG5EJLIWF63,99997,2015-04-04,$8227.70,3540000430832646,1005
AT234780376729087634,100000,2015-02-22,$6185.91,3540000430832627,1004
IT26F1342461636ZOO0FHZ2BVQD,99993,2015-04-28,$3595.85,3540000430832644,1000
FR843173607920SD19AIKUEP333,100000,2015-05-13,$7018.39,3540000430832630,1000
NO4806030140170,99995,2015-01-17,$2708.99,3540000430832607,1000
BA763158343498962576,99995,2015-03-08,$6014.64,3540000430832655,1004
SI70861359558245938,99995,2015-03-19,$3904.90,3540000430832606,1003
GE94BY1331350379255512,99993,2015-02-05,$3888.91,3540000430832622,1004
NL40BLRM7752465246,99996,2015-05-09,$3477.34,3540000430832602,1005
PT35222854375040740441701,99999,2015-03-10,$4018.88,3540000430832605,1001
TR3515512F4OUORPPTS6T6KVRY,99994,2015-01-15,$8515.26,3540000430832613,1004
FO5454627056981888,99993,2015-03-18,$2483.92,3540000430832608,1005
FI8368780655170132,99993,2015-03-27,$4869.23,3540000430832652,1003
DK6267387728883283,99995,2015-01-12,$3760.00,3540000430832618,1003
FR942286779867AGKA6D5Z8UW04,99998,2015-02-08,$3770.63,3540000430832653,1002
PL06826345297479501657881790,99997,2015-04-04,$2512.21,3540000430832619,1001
KZ59465XFNPNHK4ZUF3B,99998,2015-04-26,$1170.02,3540000430832638,1002
GT84K6ZORI9HUWT0QQPQ7YWU3AVV,99993,2015-03-20,$2915.61,3540000430832627,1000
DO12YZ1E25837910002257272032,99993,2015-01-24,$3993.08,3540000430832611,1003
CH77906505CS6VSXX0XKP,99994,2015-02-15,$2762.82,3540000430832659,1003
IE68LHYB60730120447787,99996,2015-01-23,$3346.90,3540000430832633,1003
SK6228311833215882477101,99999,2015-02-19,$4064.88,3540000430832630,1003
LV88JRVRVXZQD4REW73HW,100000,2015-03-22,$7233.73,3540000430832616,1003
FR339703308753IYYWWZEIRZO77,99996,2015-02-19,$3945.60,3540000430832653,1004
LV11ROOCNBZ6220OZXNPK,99998,2015-01-18,$1370.81,3540000430832657,1002
AD320186929970AUSO2CDBDP,99994,2015-05-04,$3337.01,3540000430832657,1002
MC423205044860EXOUNROHNYJ30,99995,2015-03-29,$5361.80,3540000430832609,1001
NL05KWAF1697455977,99993,2015-03-31,$6115.22,3540000430832615,1000
TN3401836591471385507018,99994,2015-03-02,$3246.79,3540000430832643,1000
MK44087NYRQQV3ZE922,99999,2015-03-17,$8647.13,3540000430832642,1000
GE35NP2426343899651269,99994,2015-02-09,$5495.22,3540000430832655,1004
AE216965700792087401867,100000,2015-05-08,$3232.40,3540000430832624,1004
HU46362954270930412542176539,99995,2015-03-14,$1157.27,3540000430832657,1003
BE61519741612509,99993,2015-01-22,$7793.25,3540000430832614,1000
PK69PLEWR4MUJEE2YUZOPVAW,100000,2015-05-19,$6868.12,3540000430832627,1003
RS78073261132275151496,99996,2015-02-15,$2111.86,3540000430832615,1002
BG60CACH8519448CKVOWZK,99997,2015-04-24,$5142.71,3540000430832628,1001
SE6078907315244582064821,99996,2015-01-31,$5906.34,3540000430832606,1001
FR274907923335BHZXDYMGVDU61,99993,2015-01-08,$2596.37,3540000430832630,1003
MD163HAUSWVN7YH4KEP3WOWI,99999,2015-05-09,$1883.62,3540000430832613,1003
DE64950303472776053782,99995,2015-04-10,$4269.94,3540000430832650,1003
AE356944111223894501541,99997,2015-04-03,$7143.02,3540000430832603,1004
DE84513817737817148044,99994,2015-03-02,$752.87,3540000430832657,1002
MU70GDZR7678568577501531444LFJ,99997,2015-04-03,$1343.67,3540000430832631,1002
BG84EBQC999867JLTYIC1B,99998,2015-03-17,$5686.02,3540000430832606,1000
BE83041972723396,99994,2015-05-19,$4584.89,3540000430832636,1002
NO0674076080918,100000,2015-01-20,$8056.64,3540000430832629,1005
BE18590067894265,99993,2015-02-06,$4108.58,3540000430832637,1005
NL80GGNM8303936453,99995,2015-02-28,$6575.40,3540000430832636,1002
CZ2673123320429101825311,99997,2015-05-03,$499.93,3540000430832635,1005
GL2529441391728448,99998,2015-02-10,$7445.43,3540000430832658,1003
AT156196561377415855,99993,2015-03-03,$4622.17,3540000430832644,1003
FR250493916483SUDYGBBO0B997,100000,2015-05-24,$3369.42,3540000430832633,1004
CH54163338FIUGJTH1ELF,99994,2015-04-23,$8522.28,3540000430832622,1003
SK7146419227783505814751,99998,2015-03-06,$4865.64,3540000430832603,1001
MK69750RR9VISF8QS07,99994,2015-01-21,$624.97,3540000430832626,1003
LB791464LIIEB7XYZSHK9KJFEJTP,99995,2015-01-12,$5561.67,3540000430832636,1000
PS50RFZQGPG1OBV05YKSHCMSBJX0K,99994,2015-05-05,$548.44,3540000430832607,1001
GI28OFWZFXDP9FPUBRD1A2J,99999,2015-04-26,$2336.58,3540000430832641,1001
CH2005169QTNOZ8YBJUKV,100000,2015-03-11,$3131.00,3540000430832615,1000
TR1338199JH7SHRLRQTML5PJ5O,99998,2015-02-07,$861.79,3540000430832632,1000
SE2493529247573824996957,99993,2015-01-26,$3867.05,3540000430832640,1005
NL86BKCM7105433899,99996,2015-01-01,$5361.28,3540000430832644,1005
DO89R9WW73658575575220318173,99995,2015-04-27,$8284.64,3540000430832617,1001
FR137675781469ZWF4FGOYWLE57,99996,2015-02-13,$1093.79,3540000430832654,1004
BA089334747877102672,99997,2015-02-07,$6609.34,3540000430832628,1001
SK5015860291753588434140,99996,2015-01-29,$2086.64,3540000430832620,1003
GB63IMZY67734288077793,99995,2015-03-14,$1771.67,3540000430832617,1001
GI16FATPDYUKS0L9MY7CGGA,100000,2015-02-26,$4179.07,3540000430832613,1001
IE36TVID58011297526841,99993,2015-04-23,$2996.45,3540000430832655,1000
FI8153233276242914,99998,2015-02-17,$6466.57,3540000430832644,1004
FR372251098448VCXPTMOKG4E24,99994,2015-03-09,$2398.29,3540000430832611,1002
GT04MEZTLFCF6XT8ILFVWTUTQBNE,99998,2015-03-13,$1211.37,3540000430832632,1001
CZ8477042928738002309270,99996,2015-01-15,$2896.73,3540000430832620,1003
DE35758279816429062302,99996,2015-04-16,$2681.98,3540000430832632,1004
RS17494159015524043175,99993,2015-01-04,$6453.68,3540000430832645,1002
CH8345887B9ZLZSWVE2Z3,99993,2015-03-31,$5415.04,3540000430832625,1000
SA7904Z7EKDPL2FRBDEQJTXE,99994,2015-01-13,$6939.62,3540000430832606,1002
LT251722059232212376,99997,2015-02-26,$7310.07,3540000430832634,1003
DE89808811480935240926,99995,2015-02-20,$3194.64,3540000430832643,1002
RS47168872251290853664,100000,2015-01-27,$6351.23,3540000430832608,1005
DK3470113745895307,99994,2015-01-12,$1594.21,3540000430832604,1003
DK0819721758386579,99993,2015-01-08,$3027.89,3540000430832659,1004
SA9059XGWNKTJ0GHRZ7GQYYW,99993,2015-05-11,$1681.38,3540000430832618,1001
FR902771121858FBBT4RN45GG02,100000,2015-01-10,$7897.45,3540000430832612,1005
MK539585JRZVJ3GNY82,99995,2015-03-01,$5781.56,3540000430832643,1003
AE853518589047378607856,99993,2015-05-09,$1352.60,3540000430832611,1002
IS688967630874965998480503,99996,2015-04-06,$4052.75,3540000430832658,1002
BR4709048365613162180581165KJ,99994,2015-04-22,$3166.52,3540000430832611,1001
ES1258825541207188953053,99997,2015-05-16,$8755.49,3540000430832647,1002
GB67ZLDH48751297511486,99995,2015-04-08,$6247.61,3540000430832627,1000
FR156405759698S7REMBIUVLX85,100000,2015-05-29,$6654.43,3540000430832635,1001
HU03422068136235431542824025,99993,2015-04-16,$6907.58,3540000430832621,1002
SE8249375245667887835122,99997,2015-03-28,$7727.58,3540000430832601,1002
RS70530412962674825224,100000,2015-02-18,$1834.84,3540000430832616,1002
CY2102503596ODOMDFPXVPKMWYKE,99997,2015-04-30,$6602.40,3540000430832612,1000
AE298720429751040732199,99994,2015-01-05,$7083.15,3540000430832639,1001
BE35244957867822,99998,2015-02-04,$8302.30,3540000430832610,1004
MU58HADZ6624389672308995490OAC,99994,2015-04-15,$1147.01,3540000430832634,1004
GR333593727NGK5W6BDZIKMTI27,100000,2015-03-05,$5061.18,3540000430832656,1000
NO5887611107387,99996,2015-03-29,$2910.69,3540000430832611,1001
SK7936980490968224965221,99998,2015-01-08,$2938.66,3540000430832605,1002
KW81PKFIMZF9F7A7HPBFXF4KOI4RY0,99999,2015-03-05,$8021.93,3540000430832657,1004
AT918568254093469096,99996,2015-05-05,$2943.26,3540000430832619,1004
MT71SUDV72613OX7JZWA2MEK7RIVN6Z,99996,2015-01-27,$7594.67,3540000430832609,1004
SM45C9372537415HFIUU6B7ZXRG,100000,2015-05-06,$600.89,3540000430832605,1001
GT85BQLDDRQLZIOF6TBXP7U5WHQ1,99996,2015-01-27,$7688.26,3540000430832646,1004
SE8477152663815115079389,99996,2015-05-26,$8492.04,3540000430832601,1000
CH5021348RM1EK8TWZ4JG,99993,2015-05-26,$6631.86,3540000430832624,1002
FR866893737030GOVK3KOQ2E830,99998,2015-02-19,$2657.87,3540000430832647,1003
FR678264144924LINOYUN5ZCO06,99995,2015-05-09,$7774.99,3540000430832605,1005
BA096341973537865385,99994,2015-03-22,$2357.69,3540000430832613,1005
FR192241926110NQ6YCN1LP8008,99999,2015-02-03,$8101.22,3540000430832639,1005
DE95566144139646433950,99999,2015-03-03,$6164.08,3540000430832626,1001
GI91KYKOCG38SBWMZPB1IIN,99999,2015-05-07,$3276.73,3540000430832635,1002
CH5086683FG4GKWRFABGD,99998,2015-02-17,$5401.05,3540000430832628,1004
HR8656671401572133198,99999,2015-01-14,$8138.55,3540000430832644,1004
GE66PF4763360780333238,99993,2015-05-13,$5614.64,3540000430832624,1004
AZ38FEWGWQFLSTRCHSV9FMP1SVPF,99997,2015-02-12,$5843.77,3540000430832636,1000
RO10FSIRUTDOMLBIKBZ7QEB5,100000,2015-05-19,$5373.35,3540000430832603,1000
GI49UOYCMXLOUN1QFZ26RIH,99995,2015-05-03,$4494.99,3540000430832652,1003
HR6941803330326602041,99999,2015-02-14,$8749.18,3540000430832606,1005
FR100043775201FVV3NROXIQI71,99997,2015-03-23,$5074.82,3540000430832627,1000
FR470884622512UTYIVYWOAFJ33,100000,2015-01-25,$8808.86,3540000430832618,1003
FR520378070410YK2B9QFDVBL25,99999,2015-05-09,$7204.87,3540000430832658,1002
AE555317524644416024658,100000,2015-04-18,$4352.96,3540000430832655,1002
BG65WITI025744NCGSAC4Q,99997,2015-05-13,$3903.11,3540000430832601,1005
RS26006694744537875804,99996,2015-02-04,$6553.62,3540000430832608,1002
FR021989728642AFIFTINSFIA54,99999,2015-04-03,$4613.82,3540000430832606,1003
PT11448809916214891984327,99996,2015-01-14,$5998.68,3540000430832607,1004
PK42BRBAEOQNTQ79IYGK9GHP,100000,2015-05-29,$8775.52,3540000430832612,1003
AD93454474552LBPCPPTN2GA,99996,2015-02-10,$8258.44,3540000430832614,1002
GL4455712322017563,99993,2015-02-13,$1146.57,3540000430832612,1003
DO15RSVY02317796973815695428,99998,2015-01-26,$8859.69,3540000430832625,1001
FR969137231229AU0FL7AWW0K76,99993,2015-05-23,$3139.02,3540000430832618,1004
SI94260850469355743,99998,2015-03-04,$869.80,3540000430832628,1001
MD95AW21EXV3OCU5VSZYTTGE,99997,2015-05-03,$2997.92,3540000430832616,1000
PT50468829623345950285328,99999,2015-03-21,$7670.37,3540000430832640,1000
RO28POQUOKJ5EOMWK7FZLFYV,99997,2015-02-12,$7348.79,3540000430832609,1004
KW69RPJKVCKRDDS5HD1ZP6WY4E6MUS,99995,2015-05-22,$2308.12,3540000430832643,1004
RO66COXGDXPJVNOUDQOIGBWO,99996,2015-02-19,$5505.25,3540000430832639,1003
MC67630329774191HKXTWGVE306,99999,2015-05-01,$2909.49,3540000430832641,1005
CY3909764129SAXGES705HIDXAXI,99994,2015-05-03,$475.35,3540000430832612,1001
LB841047VJWRVVMXZMNN4QJMHPF6,99997,2015-05-24,$7084.33,3540000430832647,1001
GE40TB3110280842590342,99999,2015-05-27,$2431.46,3540000430832608,1002
FR529534560631E7ER2MMJTGS46,99995,2015-02-11,$3140.17,3540000430832656,1002
SK5829554958233435148540,99996,2015-01-11,$8609.26,3540000430832608,1000
HU09126803595029789668558325,99999,2015-01-23,$2281.66,3540000430832656,1000
HU98314143580110202004975618,99996,2015-03-28,$7547.53,3540000430832633,1004
AL8674583518CUXVFNEKXXU7O6IX,99994,2015-03-06,$5902.32,3540000430832640,1002
AL2907307776CNHOETG5B3K0OSFC,99997,2015-04-08,$6202.23,3540000430832603,1000
BG40IBOA672223VVWSRT1G,99997,2015-02-20,$7519.37,3540000430832652,1005
FR628210111131WEJZ7OTTMBT97,99997,2015-01-04,$5215.97,3540000430832650,1002
SA1538F9LVBOGK71N26KBK8N,99999,2015-04-11,$7380.74,3540000430832647,1001
SE9539268199321304560968,99993,2015-01-09,$2021.58,3540000430832659,1005
BE14615207792804,100000,2015-05-10,$4841.38,3540000430832651,1000
DO85GCSE38228615432855882325,99993,2015-03-14,$6922.97,3540000430832604,1000
SI13339000447369941,99997,2015-03-15,$4393.94,3540000430832647,1003
NO3604162213617,99997,2015-05-05,$8385.14,3540000430832609,1005
FR496067722417J6MRLINMTMH05,99995,2015-01-16,$8601.59,3540000430832654,1001
LV81AHJSXY11NJSGUAWBB,99997,2015-04-05,$5329.71,3540000430832606,1002
VG17LCJH1792088355189755,99996,2015-03-01,$7803.09,3540000430832608,1003
HR6190756997757733885,99998,2015-05-22,$7089.03,3540000430832641,1004
TR7663609K4QDJPECH1TMJIJYE,99999,2015-03-08,$5343.20,3540000430832645,1002
FR897064811668MNIZYS7APWM64,99996,2015-01-22,$4242.80,3540000430832636,1001
IT35S3721226435IJYOHQZ0RPTP,99993,2015-02-11,$3210.55,3540000430832638,1000
RS90342612556638461158,100000,2015-02-15,$7814.45,3540000430832647,1001
AE883767348172826161718,99994,2015-02-01,$7035.31,3540000430832644,1001
GE78KP0108473349087616,100000,2015-01-23,$8801.31,3540000430832617,1001
BA281949438315742555,99997,2015-04-23,$4868.79,3540000430832607,1000
PL75905605522670492981003866,99995,2015-03-07,$1872.38,3540000430832616,1005
FR181015316330EWPNUZWKVV844,99996,2015-01-12,$5197.35,3540000430832615,1000
GL7624321057269846,99999,2015-03-31,$8846.39,3540000430832609,1001
SA9735JIEKWQZTKTK9OKFORI,99998,2015-05-17,$7838.12,3540000430832613,1002
RO77APFJCGJ3FCVLENSNVXYL,99995,2015-05-02,$5071.77,3540000430832614,1003
PT70923549285368052270665,99996,2015-04-02,$1899.47,3540000430832617,1004
PS33RGRUBQMVRTKCKD9CH9ZRQSSQ4,99998,2015-01-11,$3172.09,3540000430832642,1005
BA107161359299674547,99999,2015-02-11,$2354.44,3540000430832642,1002
FR158486842905MNUPFWBTRVN40,99994,2015-05-09,$4615.76,3540000430832632,1000
LV25KSMVVGWWML9KXEZWG,100000,2015-03-09,$6557.81,3540000430832638,1005
BH79SLGDOCRM6TAI46M8BH,99997,2015-02-13,$687.39,3540000430832631,1001
MT19WRBY75140YLGLQ7P2S9BIERJMZR,100000,2015-01-31,$2142.02,3540000430832622,1001
VG32TTDG5222472057855836,99994,2015-02-22,$6241.72,3540000430832623,1003
HU26929640074816679716632087,99999,2015-04-28,$3034.55,3540000430832648,1004
MR8506241927388841321716168,99999,2015-05-09,$7611.10,3540000430832637,1005
FR188588419856PQ7M4VC3BAK92,99997,2015-05-28,$2597.89,3540000430832643,1000
BH28HKMAJHMFKZEART2QXP,99995,2015-02-15,$6727.63,3540000430832620,1002
FR069291102633OG8KTPLDEN557,99999,2015-01-21,$6996.14,3540000430832627,1005
CR6929043941317566540,99994,2015-03-13,$7960.09,3540000430832617,1002
IL057059846626018424491,100000,2015-04-19,$4073.27,3540000430832613,1002
HR2548734799640834908,99996,2015-04-18,$8448.98,3540000430832643,1005
FR218289277361W048MQNHK2C66,99995,2015-02-21,$2864.77,3540000430832618,1001
HR5563323427815836073,99994,2015-04-01,$686.43,3540000430832650,1001
TR49611402OWHOTQMPXVRNQM8I,99998,2015-03-02,$2022.06,3540000430832650,1004
AL4909506485USE8KSZKN3QJ3YXC,99994,2015-04-14,$1474.81,3540000430832653,1003
KW56PZGM4QP2JWGC8IHQQKQEGOWOAA,99999,2015-05-18,$7818.43,3540000430832604,1003
KW57YJHQHNWBEFC3M1D5P0EILUOUZH,99993,2015-02-25,$8336.20,3540000430832603,1005
RO47LDNAWYSH1FJ1VLTBLTBB,99995,2015-02-01,$646.02,3540000430832654,1005
TR7735704EZ9QJ6RXYYHDLIC1J,99996,2015-04-09,$2211.23,3540000430832649,1003
IL374208167696277199748,100000,2015-05-26,$6280.21,3540000430832626,1003
VG49PXWY3818103004798774,99993,2015-04-23,$1229.73,3540000430832629,1001
CY7686446870QXPUJCRKHH8FNQZR,99995,2015-04-07,$5724.30,3540000430832639,1001
GE91DM6575354372753689,99995,2015-05-16,$4303.97,3540000430832630,1003
BR8866895925658617592526161VT,99997,2015-05-09,$928.32,3540000430832631,1004
IE54DAIG77540684807306,99998,2015-05-23,$7237.60,3540000430832604,1002
SE5639381817143099400502,99999,2015-03-17,$7388.94,3540000430832622,1003
ES3827624235362012504162,99993,2015-01-29,$7546.26,3540000430832607,1002
CH1894158L2BHWLSFWJ1Q,99995,2015-04-12,$7196.04,3540000430832615,1001
IT18X9675694739VBF37WSAWON1,99994,2015-01-13,$6331.00,3540000430832659,1005
FR184154448263POWS46QKBCL39,99993,2015-02-20,$942.65,3540000430832650,1001
GE91HP3291624231889664,99998,2015-01-03,$5377.54,3540000430832653,1001
SI05877171735109211,99994,2015-02-11,$6063.27,3540000430832631,1005
PS50IGAAT4EB1M1UJZHXEJIXDFYX0,99994,2015-03-23,$1125.99,3540000430832648,1005
PS77MHEK9V57WRZLP5ZHPTWNMFJ5Z,99995,2015-05-11,$8847.75,3540000430832631,1001
BE73158699313846,99997,2015-03-16,$7553.49,3540000430832632,1003
AD4974076539ED1TFNEMGCPR,99996,2015-05-06,$701.43,3540000430832629,1005
MD65OXBWLI3FPXNSHQJP3FMT,99995,2015-04-22,$1656.89,3540000430832635,1001
RO67FVJJTFLZXCTOZH9BILW7,99997,2015-04-13,$6547.38,3540000430832623,1004
DO94VZQP61006301947937639863,100000,2015-03-22,$6154.27,3540000430832647,1002
ME65593454649040586350,99995,2015-01-05,$6372.40,3540000430832656,1005
RS02471271010958517085,99997,2015-04-17,$7253.58,3540000430832604,1005
MT24WYZT70110B9AG6QRC3BPTCI7MXB,99998,2015-04-14,$1019.35,3540000430832615,1005
MC268467350566ZN3PC5YRACL11,99994,2015-05-18,$2598.08,3540000430832616,1004
IE84VFGX28386925918123,99998,2015-02-24,$2440.62,3540000430832654,1004
LU70111YWKQ0FM0SYQTH,99995,2015-05-05,$6238.38,3540000430832603,1002
PT95041426296268933394227,99995,2015-05-23,$2350.77,3540000430832610,1000
RS28811142891029778667,99999,2015-05-02,$4035.53,3540000430832607,1002
PT97820864994413269142501,99994,2015-03-29,$5508.86,3540000430832653,1005
MT24WDDC26300F24YLDOYF9WMQUHEUB,99995,2015-04-09,$1260.81,3540000430832620,1002
FR120787682498F0UQXN6B3PT15,99998,2015-05-07,$6813.59,3540000430832634,1003
NO8413269016625,99999,2015-02-06,$3059.30,3540000430832656,1000
BA793711431262290486,99995,2015-04-08,$8650.07,3540000430832623,1002
DO24ZJXP05864525106142188350,99995,2015-02-16,$4288.00,3540000430832629,1004
RO83HIXZERZIJO5QYKPMFENY,99999,2015-03-17,$3572.70,3540000430832634,1003
IT57Q0590815136JCCAGUFMKLAN,99998,2015-01-10,$6932.19,3540000430832654,1004
CH49458665MVMJG7YYHS3,99994,2015-04-13,$4972.75,3540000430832621,1005
HR2656003060597643906,99996,2015-03-15,$2250.30,3540000430832648,1001
MC515042697664066ZQ3UEZPI69,99999,2015-05-07,$8448.22,3540000430832657,1005
PT25109473986968234209668,99995,2015-01-28,$2727.79,3540000430832627,1000
FR264988778266NU5MSRY78TN26,99995,2015-01-27,$552.92,3540000430832616,1001
FR468919492676FAGUKKC8F1V25,100000,2015-04-21,$1926.83,3540000430832613,1001
IL384628279245168023854,99996,2015-04-28,$3291.99,3540000430832644,1001
IT87Z5796617280DNCMGP4TZZTX,99999,2015-04-29,$4225.66,3540000430832633,1000
DK5233935556597635,99993,2015-02-03,$8149.02,3540000430832611,1003
CZ8824671341338700823911,99996,2015-01-24,$5471.07,3540000430832614,1002
MR5994529407680392379031859,99997,2015-05-24,$7587.93,3540000430832634,1002
CZ7310588238742583386265,99999,2015-04-24,$8536.15,3540000430832609,1001
PS92DHLIXT0FPJNQGCMQA5EXOPIMK,99993,2015-01-24,$4764.98,3540000430832601,1003
KZ90057JRDKOGJY5LEJI,99997,2015-04-29,$1221.02,3540000430832643,1004
ME44696303061799349164,99993,2015-03-18,$7098.54,3540000430832611,1005
SE5310439470925508159377,99996,2015-05-10,$700.78,3540000430832610,1005
FR903084497957ORTEUDCW1BY66,100000,2015-05-06,$3991.00,3540000430832633,1004
FR571953519471S4HKKFOA7HE00,99998,2015-03-10,$4783.33,3540000430832606,1000
KZ32934DCALJSTERXVGZ,99999,2015-02-21,$8675.21,3540000430832646,1003
ES4795385292049064337872,99996,2015-05-09,$7436.56,3540000430832658,1001
FI7915858372965289,99996,2015-02-12,$633.49,3540000430832611,1002
FR709444636182BVQX4H49WZV87,99999,2015-05-30,$7078.00,3540000430832616,1001
MD63YEVU98GZP6DKX6QQ9Y1W,99999,2015-04-08,$5060.32,3540000430832611,1005
FI6360044077187563,99993,2015-01-06,$666.17,3540000430832626,1004
GB88DTWJ77169264670888,99996,2015-02-23,$3204.72,3540000430832639,1004
GE22LW6077056101406202,99995,2015-05-24,$4129.87,3540000430832652,1000
IL412537196584476994894,100000,2015-02-18,$3210.92,3540000430832620,1005
AE517852400896056054292,99997,2015-05-10,$3802.40,3540000430832603,1005
LV81KGZYQX0KXEXVW7BR6,99999,2015-04-11,$6414.05,3540000430832604,1000
DO55EJMD69457394902594607547,99999,2015-01-02,$1621.67,3540000430832650,1003
SA8175SATEK6HCVS9FO4JRVW,100000,2015-05-11,$6707.00,3540000430832624,1004
BE18174155593402,99995,2015-01-20,$6644.94,3540000430832652,1003
GL5924577176958284,99998,2015-03-21,$8522.69,3540000430832636,1001
DE41817666108569884690,99993,2015-04-09,$2787.72,3540000430832642,1001
FR416793266495XXYSQTUYA4R34,99999,2015-04-26,$6463.25,3540000430832652,1005
FR885990478657FTR0CJTCRMM98,99993,2015-01-31,$8836.11,3540000430832629,1005
SA1772MPZNAPNMMB7R1N96C9,99994,2015-04-10,$4950.92,3540000430832635,1002
CY2792381889N5JOFUEAXWX93XM8,99998,2015-04-24,$5527.54,3540000430832613,1000
BH69SFFY1LJBJU6JFIO2CX,99997,2015-02-14,$7040.89,3540000430832649,1000
ME39992583349172374370,99998,2015-04-18,$8193.43,3540000430832645,1002
LV30AYBZC9ABJZ75ASCEK,99993,2015-01-14,$6680.52,3540000430832617,1001
FR537088035493XYQQ5WEZWCQ43,99995,2015-01-31,$5104.15,3540000430832632,1005
IT44H3856956191M7WRX040UAA6,99996,2015-02-18,$3160.44,3540000430832613,1005
MU06QDRI7921866816770070267QGN,99996,2015-03-17,$8351.38,3540000430832622,1001
IE54YQCM82591030671570,99994,2015-05-03,$6016.04,3540000430832612,1002
BG53ITTB744857M9XA03GB,99993,2015-01-17,$8662.65,3540000430832651,1001
KZ97905SRZIZQQBQCBRG,99994,2015-01-13,$7014.45,3540000430832616,1003
AE357023256056393184118,99995,2015-03-28,$8557.32,3540000430832657,1002
LT986017166897883512,99994,2015-03-23,$5015.14,3540000430832656,1002
SM95T5328496755VCPI5LOWXXGK,99997,2015-05-25,$6096.16,3540000430832649,1005
GB78CVFI38457283063188,99997,2015-05-06,$6118.06,3540000430832640,1004
IE18PRBG10895728844106,99997,2015-01-15,$3044.38,3540000430832615,1001
AE197188420104230374571,99997,2015-05-15,$4988.03,3540000430832655,1004
CH3975103TRANQCEAZ9HM,99995,2015-05-05,$5550.40,3540000430832646,1000
DE51259470345373216314,99998,2015-03-18,$8865.01,3540000430832617,1000
TR8242368EQMIDZWODERWCCOIW,99994,2015-04-23,$2213.38,3540000430832615,1001
CH6284819FXPBYRCRDYOI,99994,2015-04-01,$5133.99,3540000430832604,1003
AD7367478912ZLWP3HDALD8W,100000,2015-02-14,$5192.04,3540000430832623,1002
NL03FEVC9837114374,99999,2015-04-16,$8031.94,3540000430832623,1003
FR182561974909I2KBF8MFOLH09,99993,2015-03-05,$7250.84,3540000430832635,1003
LT140838858498617895,100000,2015-01-11,$5042.00,3540000430832618,1001
FR6965522714560OALB9QVMPL27,99998,2015-04-03,$1890.30,3540000430832648,1005
IL701711233199880216589,99999,2015-04-19,$7643.55,3540000430832643,1001
VG63AEVE5948653859348069,99997,2015-01-15,$1099.59,3540000430832658,1001
AE762420659417416822779,99997,2015-05-30,$6986.75,3540000430832636,1000
KZ79470DAE5QPEDD9GRX,99998,2015-02-23,$8138.26,3540000430832626,1001
AL5182103007ITK57NNBCGNUVQHJ,99998,2015-01-14,$6314.81,3540000430832654,1001
FO6784338258991122,99995,2015-03-18,$1703.12,3540000430832641,1001
FR070284768378SMN06K7WKGD73,99998,2015-03-06,$4164.34,3540000430832612,1002
SM15N0717570057XADIIQN7VEND,99999,2015-02-10,$1810.01,3540000430832659,1005
ES1618276891055706901675,99995,2015-02-09,$8683.76,3540000430832625,1005
BE54261815540160,100000,2015-01-16,$8869.83,3540000430832615,1003
FR802613884790TLAF2IGZESK57,99993,2015-03-15,$3691.01,3540000430832611,1003
RS88892027058454107160,99997,2015-03-01,$6876.56,3540000430832638,1000
GE41KV7106452977747058,99996,2015-01-08,$3567.88,3540000430832604,1003
LT643907118788945699,100000,2015-05-13,$5038.31,3540000430832645,1002
CY3495353443D0ODVLKQHSRPKFOB,99998,2015-05-30,$6771.85,3540000430832616,1005
FR267523281319QBMZUEGWZKE28,99995,2015-01-12,$1737.06,3540000430832636,1001
FR067236145762HF8AFVFLWX291,99997,2015-03-10,$2783.92,3540000430832647,1005
MT24BAUE452219ATGKWCDL48RXVMDTC,99996,2015-01-11,$6891.73,3540000430832632,1002
GE82NB4808355836292633,99993,2015-04-18,$1391.44,3540000430832603,1005
TR0838839MXD0WZ1HYPOZG8C4A,99996,2015-02-18,$4351.91,3540000430832646,1005
BG13EMAP010838ALO4WJ3M,99998,2015-03-16,$3517.40,3540000430832616,1001
FR117385355258HIENRRKEN0W87,99996,2015-05-07,$5543.30,3540000430832635,1000
FR431818805890G5XDP6TVPMX09,99993,2015-03-15,$6667.58,3540000430832651,1005
EE382100923347977311,99999,2015-04-25,$1665.42,3540000430832640,1003
HU46890114534174765323699520,99996,2015-01-13,$4626.24,3540000430832628,1002
RS15585614746935581524,99995,2015-03-22,$4219.70,3540000430832626,1000
RO89FXSUYW5VIINA4BEK9T5T,99993,2015-05-09,$6414.24,3540000430832656,1004
RO91OEGYDKKK1BOQPW8FQK2L,99993,2015-02-01,$4056.47,3540000430832620,1002
SE4061014698216935574820,100000,2015-05-04,$4369.18,3540000430832612,1002
DO50IYTT99487211673802458503,99997,2015-01-16,$8727.94,3540000430832636,1001
GE39AM2642684514436065,99998,2015-01-22,$7606.69,3540000430832627,1003
ME03841616775128851673,100000,2015-05-25,$3880.71,3540000430832602,1005
EE330411866171442988,99996,2015-01-03,$7317.63,3540000430832659,1003
RO82RQDQVN2M38TBPMHTHFVI,99997,2015-05-26,$995.71,3540000430832611,1002
DE90043895051022483612,99997,2015-04-23,$2991.61,3540000430832646,1002
BR4548089522377609169216495ZB,99997,2015-01-08,$1019.09,3540000430832609,1000
EE392589911864959274,99998,2015-04-20,$3172.93,3540000430832611,1002
DO26Q1RH11557471420137207396,99998,2015-01-04,$7404.43,3540000430832626,1003
IT14R5910814571XUCXDXD1QSXW,99994,2015-01-28,$7012.95,3540000430832641,1004
CR8838089442283107435,99998,2015-01-10,$5507.31,3540000430832624,1000
KZ51724X3TSMC28OQEKJ,99997,2015-02-10,$8216.32,3540000430832618,1005
AZ08JSASYEFJ0JU0JGPYLTSVFBCO,99993,2015-05-06,$8228.07,3540000430832604,1004
PL39291084490293952578932413,99994,2015-01-23,$2820.80,3540000430832653,1003
